userId,movieId,pred_rating,actual_rating
8,3810,3.0,4.0
36,733,3.0,3.0
58,2080,3.0,4.0
62,150,3.0,4.0
166,1127,3.0,5.0
175,6662,3.0,5.0
214,410,3.0,3.0
215,3494,3.0,4.0
226,541,3.0,5.0
254,733,3.0,4.0
267,55269,3.0,3.0
276,6731,3.0,0.5
289,6953,3.0,3.5
289,32116,3.0,2.0
310,2097,3.0,3.0
334,2804,3.0,4.0
341,1208,3.0,5.0
353,1690,3.0,3.5
382,39,3.0,3.0
419,1291,3.0,4.0
424,2080,3.0,3.0
424,2421,3.0,4.0
449,2396,3.0,1.0
451,4519,3.0,0.5
456,158,3.0,4.0
459,4701,3.0,2.5
465,101,3.0,4.5
484,76,3.0,4.0
513,1080,3.0,5.0
513,1302,3.0,4.0
533,1206,3.0,4.0
533,4681,3.0,3.0
541,1615,3.0,4.0
555,6539,3.0,3.5
562,172,3.0,2.0
577,1103,3.0,5.0
596,2431,3.0,1.0
598,70,3.0,4.0
650,1275,3.0,5.0
655,6,3.0,5.0
655,674,3.0,1.0
657,2801,3.0,5.0
677,527,3.0,5.0
731,858,3.0,5.0
742,55830,3.0,4.0
745,1468,3.0,4.0
798,5013,3.0,2.5
820,2993,3.0,3.0
830,1680,3.0,4.0
834,1641,3.0,4.5
871,1298,3.0,3.0
874,4308,3.0,4.0
886,2797,3.0,3.0
900,832,3.0,3.0
940,4020,3.0,5.0
949,1944,3.0,4.0
957,1997,3.0,3.0
976,318,3.0,5.0
1014,1892,3.0,3.0
1025,364,3.0,5.0
1035,4993,3.0,0.5
1177,2567,3.0,4.0
1178,5989,3.0,5.0
1193,10,3.0,3.0
1224,1275,3.0,4.5
1263,6874,3.0,4.0
1287,1282,3.0,5.0
1288,1912,3.0,3.5
1303,160,3.0,3.0
1333,3984,3.0,4.0
1341,2428,3.0,2.0
1342,3481,3.0,3.5
1373,158,3.0,2.0
1377,4321,3.0,3.0
1391,2282,3.0,4.0
1392,3499,3.0,4.0
1450,898,3.0,4.0
1468,208,3.0,3.0
1479,2382,3.0,3.0
1480,4995,3.0,3.5
1484,1320,3.0,3.0
1493,2763,3.0,4.0
1499,7438,3.0,3.0
1515,6870,3.0,4.5
1521,7438,3.0,4.0
1545,2735,3.0,2.0
1578,2081,3.0,3.0
1580,565,3.0,1.0
1583,3,3.0,4.0
1604,1704,3.0,5.0
1605,3114,3.0,5.0
1618,3489,3.0,4.0
1668,2294,3.0,4.0
1697,1090,3.0,4.0
1697,3949,3.0,4.5
1774,3408,3.0,3.5
1786,3062,3.0,3.0
1805,6944,3.0,4.0
1815,2174,3.0,3.0
1841,4973,3.0,4.5
1860,2126,3.0,3.0
1860,45928,3.0,3.5
1866,2248,3.0,3.5
1874,1396,3.0,1.0
1878,1193,3.0,3.0
1887,1,3.0,4.0
1891,3298,3.0,5.0
1901,500,3.0,2.0
1906,1035,3.0,2.0
1915,485,3.0,0.5
1918,8167,3.0,4.0
1938,110,3.0,5.0
1961,315,3.0,5.0
1968,589,3.0,3.0
2022,150,3.0,4.0
2022,2621,3.0,5.0
2044,2424,3.0,2.0
2054,35,3.0,3.0
2102,3096,3.0,4.5
2119,708,3.0,4.0
2122,367,3.0,1.0
2122,1370,3.0,3.0
2140,733,3.0,3.0
2152,6,3.0,2.0
2178,592,3.0,5.0
2178,1219,3.0,5.0
2188,780,3.0,4.0
2192,1246,3.0,4.0
2198,1479,3.0,2.0
2237,2078,3.0,4.0
2267,260,3.0,4.0
2325,26870,3.0,2.5
2402,32587,3.0,4.5
2455,1198,3.0,3.5
2500,208,3.0,3.0
2505,1961,3.0,4.5
2517,3450,3.0,1.5
2522,608,3.0,5.0
2536,316,3.0,3.0
2540,18,3.0,3.0
2540,102,3.0,2.0
2542,3617,3.0,3.5
2556,337,3.0,2.5
2573,6299,3.0,3.5
2584,2739,3.0,4.5
2590,356,3.0,5.0
2593,2717,3.0,5.0
2596,1197,1.0,4.0
2604,527,3.0,4.5
2605,52952,3.0,3.0
2632,1097,3.0,4.0
2632,3255,3.0,4.0
2650,6571,3.0,5.0
2651,858,3.0,5.0
2659,595,3.0,3.0
2686,1544,3.0,2.0
2706,7361,3.0,4.0
2714,33679,3.0,3.0
2728,3147,3.0,5.0
2783,104,3.0,3.5
2796,1438,3.0,1.5
2804,157,3.0,3.0
2821,1408,3.0,4.0
2826,361,3.0,4.0
2836,551,3.0,5.0
2852,5064,3.0,3.5
2852,5548,3.0,2.0
2879,6265,3.0,1.5
2879,40732,3.0,1.5
2908,596,3.0,3.0
2920,4148,3.0,3.0
2921,440,3.0,3.0
2991,5220,3.0,2.0
3022,5732,3.0,5.0
3030,235,3.0,2.0
3041,8983,3.0,4.5
3057,707,3.0,3.0
3060,405,3.0,2.0
3089,2115,3.0,3.0
3105,3274,3.0,4.0
3133,750,3.0,3.0
3149,1499,3.0,0.5
3149,2392,3.0,0.5
3151,1221,3.0,4.0
3163,2396,3.0,5.0
3174,3176,3.0,4.0
3191,2692,3.0,4.5
3199,2722,3.0,4.0
3219,60037,3.0,2.5
3220,3552,3.0,5.0
3281,1304,3.0,5.0
3285,273,3.0,4.0
3299,6888,3.0,1.5
3324,1198,3.0,5.0
3336,1246,3.0,4.0
3336,3697,3.0,3.0
3347,3394,3.0,2.0
3350,1380,3.0,3.0
3353,1208,3.0,4.0
3366,2906,3.0,2.0
3368,1222,3.0,2.0
3374,1259,3.0,4.0
3398,377,3.0,3.0
3409,552,3.0,3.0
3418,49530,3.0,2.5
3418,51471,3.0,2.5
3426,1148,3.0,4.0
3434,1073,3.0,3.5
3440,1129,3.0,2.5
3449,1009,3.0,3.0
3476,1806,3.0,2.0
3493,37741,3.0,4.5
3500,3624,3.0,3.0
3515,586,3.0,4.0
3538,3717,3.0,4.0
3539,1095,3.0,4.0
3539,3814,3.0,4.0
3583,2080,3.0,4.0
3646,5437,3.0,3.5
3664,733,3.0,4.5
3665,2194,3.0,3.0
3671,519,3.0,1.0
3695,141,3.0,4.0
3705,928,3.0,5.0
3721,2327,3.0,3.0
3721,2987,3.0,4.0
3724,509,3.0,0.5
3749,2194,3.0,4.0
3784,6281,3.0,3.5
3793,3968,3.0,1.0
3796,2375,3.0,2.0
3803,480,3.0,5.0
3810,3786,3.0,4.0
3817,930,3.0,3.5
3817,2420,3.0,3.5
3817,3273,3.0,3.0
3817,5970,3.0,3.0
3828,2581,3.0,4.0
3834,2291,3.0,5.0
3855,1610,3.0,5.0
3875,253,3.0,3.0
3926,235,3.0,4.0
3960,466,3.0,5.0
3985,586,3.0,4.0
3991,3699,3.0,3.0
4020,609,3.0,2.0
4020,4623,3.0,3.0
4021,153,3.0,4.0
4022,26547,3.0,3.5
4030,1997,3.0,1.5
4051,1378,3.0,2.0
4077,1810,3.0,4.0
4122,3077,3.0,3.0
4156,1614,3.0,3.0
4157,49278,3.0,4.5
4162,924,3.0,3.0
4165,10,3.0,5.0
4177,1438,3.0,2.0
4177,2986,3.0,2.0
4177,6774,3.0,2.0
4213,1663,3.0,3.5
4218,6270,3.0,4.5
4229,457,3.0,4.0
4230,2407,3.0,4.0
4230,3111,3.0,4.0
4251,2109,3.0,4.0
4251,2179,3.0,4.0
4257,441,3.0,5.0
4294,1777,3.0,2.0
4308,515,3.0,4.0
4310,2987,3.0,4.0
4329,2716,3.0,3.0
4333,3893,3.0,3.0
4333,8956,3.0,2.5
4345,1584,3.0,3.0
4357,153,3.0,4.0
4368,2445,3.0,3.0
4401,1219,3.0,5.0
4436,1147,3.0,4.0
4472,31,3.0,4.0
4487,231,3.0,2.0
4501,1569,3.0,3.0
4515,4306,3.0,3.5
4534,4886,3.0,3.0
4534,8340,3.0,4.0
4538,1772,3.0,3.5
4538,2706,3.0,3.5
4538,2946,3.0,4.5
4538,3930,3.0,5.0
4544,8784,3.0,4.0
4544,60040,3.0,3.5
4595,1047,3.0,4.5
4598,2071,3.0,4.0
4598,4657,3.0,1.0
4598,5323,3.0,4.0
4618,6,3.0,5.0
4634,153,3.0,3.0
4641,1794,3.0,3.0
4652,590,3.0,4.0
4665,1663,3.0,4.0
4675,2169,3.0,5.0
4716,1590,3.0,2.5
4741,5060,3.0,2.0
4743,2700,3.0,3.5
4745,719,3.0,3.0
4747,1562,3.0,2.0
4748,2016,3.0,3.0
4750,246,3.0,5.0
4783,1701,3.0,3.0
4783,2932,3.0,5.0
4783,4252,3.0,5.0
4785,1,3.0,4.0
4806,2311,3.0,4.0
4850,2268,3.0,5.0
4864,4886,3.0,4.5
4865,805,3.0,4.0
4868,49347,3.0,3.5
4931,296,3.0,5.0
5068,1224,3.0,5.0
5118,4262,3.0,4.0
5134,662,3.0,2.0
5137,223,3.0,5.0
5138,3897,3.0,4.0
5191,337,3.0,3.0
5197,2683,3.0,2.5
5217,356,3.0,2.0
5227,2273,3.0,4.0
5227,52281,3.0,4.0
5238,218,3.0,3.5
5239,608,3.0,4.5
5262,2116,3.0,4.0
5262,4941,3.0,3.0
5265,1225,3.0,4.0
5266,5015,3.0,3.0
5319,910,3.0,5.0
5346,5221,3.0,3.0
5399,5995,3.0,3.5
5431,194,3.0,5.0
5436,2096,3.0,3.0
5461,4571,3.0,0.5
5473,1204,3.0,3.0
5482,237,3.0,4.0
5501,1350,3.0,4.0
5518,344,3.0,4.0
5519,7841,3.0,5.0
5540,356,3.0,4.0
5582,880,3.0,3.0
5586,474,3.0,3.5
5619,377,3.0,5.0
5641,6287,3.0,2.0
5647,2687,3.0,4.0
5678,4709,3.0,1.0
5711,4690,3.0,3.0
5716,1909,1.5,2.5
5716,1911,3.0,4.5
5744,778,3.0,5.0
5744,1196,5.0,5.0
5763,928,3.0,5.0
5792,2395,3.0,4.5
5798,4225,3.0,3.0
5813,1704,3.0,4.0
5829,2321,3.0,4.0
5834,851,3.0,1.0
5835,367,3.0,3.5
5835,3978,3.0,3.0
5840,1682,3.0,4.5
5846,1732,3.0,4.0
5882,32,3.0,2.0
5892,231,3.0,3.0
5892,858,3.0,5.0
5917,818,3.0,3.0
5917,936,3.0,4.0
5917,3580,3.0,3.0
5917,5989,3.0,2.0
5947,1213,3.0,3.0
5992,58,3.0,5.0
6009,2959,3.0,4.0
6014,1608,3.0,4.0
6020,2,3.0,5.0
6024,58107,3.0,3.5
6029,2321,3.0,4.0
6059,588,3.0,3.0
6064,27815,3.0,5.0
6091,1644,3.0,4.0
6095,2718,3.0,5.0
6101,1036,3.0,4.0
6135,5135,3.0,4.0
6144,6979,3.0,3.5
6145,8866,3.0,4.0
6148,3174,3.0,3.0
6150,4344,3.0,3.0
6163,1240,3.0,3.0
6166,4993,3.0,3.0
6201,337,3.0,5.0
6201,500,3.0,4.0
6238,62,3.0,5.0
6266,6,3.0,4.0
6274,3897,3.0,5.0
6277,1148,3.0,5.0
6287,158,3.0,3.0
6289,3408,3.0,3.5
6314,2078,3.0,4.0
6317,356,3.0,3.5
6376,4969,3.0,4.0
6389,1527,3.0,4.5
6403,3365,3.0,2.0
6418,1964,3.0,3.0
6430,1196,3.0,5.0
6457,1372,3.0,3.0
6463,858,3.0,5.0
6477,5308,3.0,3.0
6480,1732,3.0,5.0
6508,50,3.0,3.5
6512,1614,3.0,3.0
6535,1261,3.0,5.0
6539,3977,3.0,3.0
6550,858,3.0,4.5
6564,4866,3.0,3.0
6569,3347,3.0,5.0
6580,1301,3.0,4.0
6631,968,3.0,1.5
6664,737,3.0,1.0
6707,111,3.0,4.0
6735,1196,3.0,4.5
6757,3555,3.0,3.0
6763,5646,3.0,5.0
6764,539,3.0,3.0
6785,3683,3.0,3.5
6785,49822,3.0,3.5
6796,2318,3.0,4.0
6801,4102,3.0,4.0
6813,3114,3.0,4.0
6814,1961,3.0,5.0
6822,3473,3.0,3.0
6822,4482,3.0,2.0
6829,593,3.0,5.0
6842,282,3.0,3.0
6845,6909,3.0,4.0
6884,783,3.0,5.0
6893,1,3.0,4.0
6900,6,3.0,3.0
6932,1873,3.0,4.5
6933,38038,3.0,3.5
6939,924,3.0,2.5
6947,434,3.0,4.0
6953,29,3.0,3.0
6957,2676,3.0,4.0
6982,1250,3.0,5.0
6986,1276,3.0,3.5
6986,1292,3.0,3.5
6986,2076,3.0,4.0
6986,2997,3.0,4.5
6986,54286,3.0,5.0
7050,42,3.0,3.0
7061,5945,3.0,4.0
7078,2826,3.0,1.0
7078,6883,3.0,3.0
7081,1032,3.0,4.0
7092,293,3.0,4.0
7126,1917,3.0,2.0
7127,1884,3.0,4.0
7127,2529,3.0,2.5
7134,1500,3.0,5.0
7139,4643,3.0,2.0
7202,3418,3.0,3.5
7245,725,3.0,3.0
7251,4321,3.0,4.0
7258,5541,3.0,4.0
7265,8464,3.0,3.5
7304,1240,3.0,4.5
7310,161,3.0,4.0
7317,110,3.0,4.0
7331,4002,3.0,5.0
7340,16,3.0,2.0
7343,7451,3.0,4.0
7355,2011,3.0,1.5
7360,2858,3.0,5.0
7368,8016,3.0,3.5
7385,2872,3.0,5.0
7436,2762,3.0,3.0
7472,1059,3.0,3.0
7473,47,3.0,3.0
7478,4306,3.0,3.5
7480,10,3.0,4.0
7483,5952,3.0,3.5
7494,1197,3.0,4.0
7513,832,3.0,4.0
7519,3494,3.0,4.0
7522,5055,3.0,4.0
7530,4533,3.0,3.5
7534,1080,3.0,3.5
7548,494,3.0,3.0
7570,1727,3.0,4.0
7587,6193,3.0,3.5
7587,58162,3.0,4.0
7590,1036,3.0,5.0
7590,1345,3.0,5.0
7612,4025,3.0,3.0
7613,1262,3.0,3.0
7635,5995,3.0,4.5
7640,2139,3.0,5.0
7654,2747,3.0,4.0
7675,2194,3.0,4.0
7678,3060,3.0,5.0
7687,101,3.0,3.0
7687,1292,3.0,4.0
7696,70,3.0,5.0
7703,7982,3.0,5.0
7707,2846,3.0,3.0
7712,1564,3.0,3.0
7717,4963,3.0,5.0
7727,6639,3.0,4.5
7727,48774,3.0,1.0
7727,56174,3.0,3.5
7741,2582,3.0,3.0
7759,3624,3.0,3.0
7774,342,3.0,3.5
7776,3752,3.0,2.0
7777,1979,3.0,2.0
7778,2999,3.0,4.5
7786,2539,3.0,4.0
7805,2872,3.0,5.0
7809,589,3.0,4.0
7813,1627,3.0,2.0
7815,750,3.0,3.0
7819,4973,3.0,3.5
7836,2,3.0,5.0
7848,47,3.0,4.5
7856,2316,3.0,3.0
7864,1080,3.0,3.5
7887,1193,3.0,4.0
7902,2616,3.0,4.0
7903,1270,3.0,3.5
7954,4718,3.0,4.0
7972,2439,3.0,4.0
7986,31696,3.0,2.5
7989,223,3.0,4.0
7989,1172,3.0,3.0
8035,1537,3.0,4.0
8047,2667,3.0,4.0
8048,353,3.0,3.0
8055,3081,3.0,3.0
8101,3555,3.0,3.5
8105,674,3.0,3.0
8109,7318,3.0,3.5
8113,327,3.0,4.0
8114,2541,3.0,3.0
8145,1080,3.0,4.0
8151,1201,3.0,4.0
8153,70,3.0,2.0
8159,2605,3.0,2.0
8196,3037,3.0,4.0
8238,2996,3.0,3.0
8239,5952,3.0,4.0
8259,2722,3.0,3.0
8263,2699,3.0,4.0
8265,2082,3.0,3.0
8265,2109,3.0,2.0
8283,161,3.0,5.0
8292,1320,3.0,3.0
8294,2352,3.0,2.0
8323,1277,3.0,5.0
8352,1288,3.0,4.5
8360,913,3.0,4.5
8378,4232,3.0,4.0
8383,1373,3.0,2.0
8405,3175,3.0,5.0
8415,194,3.0,3.0
8424,765,3.0,2.0
8474,1721,3.0,4.0
8475,7150,3.0,3.5
8480,4039,3.0,2.5
8480,30822,3.0,3.0
8485,1350,3.0,4.0
8488,1253,3.0,3.0
8508,260,3.0,5.0
8517,1246,3.0,5.0
8517,8781,3.0,4.0
8562,500,3.0,5.0
8563,968,3.0,3.0
8618,265,3.0,3.0
8620,55820,3.0,4.5
8626,1947,3.0,4.0
8642,500,3.0,3.5
8645,2764,3.0,5.0
8645,4223,3.0,4.0
8651,3993,3.0,3.5
8659,173,3.0,4.0
8668,6867,3.0,2.5
8683,928,3.0,3.0
8699,10,3.0,3.5
8708,1073,3.0,4.0
8749,780,3.0,2.0
8779,1573,3.0,5.0
8787,8950,3.0,3.0
8792,1210,3.0,4.0
8802,4039,3.0,5.0
8803,593,3.0,5.0
8806,25,3.0,4.0
8811,50445,3.0,2.0
8813,1302,3.0,2.5
8817,2858,3.0,5.0
8821,593,3.0,5.0
8826,2642,3.0,3.0
8830,322,3.0,5.0
8856,367,3.0,2.0
8875,2985,3.0,4.0
8892,603,3.0,4.5
8892,627,3.0,4.5
8899,168,3.0,3.5
8913,762,3.0,2.0
8929,3987,3.0,2.0
8952,253,3.0,2.0
8952,308,3.0,4.0
8971,1972,3.0,3.0
8975,2861,3.0,4.0
8991,45517,3.0,4.0
8993,33493,3.0,3.0
9016,1014,3.0,4.5
9025,2918,3.0,5.0
9043,32,3.0,5.0
9043,3247,3.0,3.0
9048,6794,3.0,0.5
9060,934,3.0,3.0
9060,2448,3.0,3.0
9065,2288,3.0,3.5
9067,588,3.0,3.0
9085,1230,3.0,4.0
9117,4690,3.0,2.0
9140,737,3.0,1.0
9145,1212,3.0,4.0
9160,1732,3.0,4.0
9160,2028,3.0,5.0
9168,8961,3.0,4.5
9180,3108,3.0,4.0
9213,2021,3.0,3.0
9225,1479,3.0,3.0
9231,2163,3.0,1.0
9237,2262,3.0,5.0
9252,810,3.0,2.0
9252,2734,3.0,3.0
9267,801,3.0,3.0
9268,588,3.0,4.0
9270,2976,3.0,1.5
9300,5299,3.0,3.5
9305,2987,3.0,4.0
9310,372,3.0,3.5
9311,1627,3.0,3.5
9329,1483,3.0,2.5
9346,141,3.0,3.0
9355,886,3.0,2.0
9355,2100,3.0,5.0
9375,5012,3.0,3.0
9375,7444,3.0,3.5
9384,912,3.0,5.0
9387,2997,3.0,5.0
9391,909,3.0,4.0
9397,5283,3.0,4.0
9423,2447,3.0,3.0
9427,454,3.0,3.0
9446,2617,3.0,2.0
9452,3668,3.0,5.0
9462,3510,3.0,3.0
9487,2683,3.0,4.0
9531,276,3.0,3.0
9550,2000,3.0,3.0
9550,2951,3.0,3.5
9561,587,3.0,5.0
9561,1370,3.0,4.0
9572,3255,3.0,2.0
9595,3198,3.0,4.5
9599,46976,3.0,4.5
9603,852,3.0,4.0
9633,5060,3.0,5.0
9645,353,3.0,3.0
9645,480,3.0,4.0
9652,1358,3.0,4.0
9665,2599,3.0,4.0
9667,2716,3.0,3.5
9685,3257,3.0,2.0
9697,5691,3.0,2.0
9706,3992,3.0,4.0
9712,24,3.0,3.0
9719,256,3.0,2.0
9759,1316,3.0,5.0
9760,2788,3.0,5.0
9781,260,3.0,5.0
9806,5955,3.0,3.5
9809,3708,3.0,4.0
9815,11,3.0,4.0
9825,3316,3.0,1.0
9827,8589,3.0,4.0
9838,44,3.0,4.0
9854,1178,3.0,3.0
9865,953,3.0,3.0
9867,303,3.0,3.0
9877,1580,3.0,3.0
9877,8623,3.0,2.5
9905,1175,3.0,4.5
9926,3360,3.0,3.0
9935,457,3.0,4.0
9944,1754,3.0,2.0
9959,1485,3.0,4.0
9975,1952,3.0,1.0
9979,1385,3.0,2.0
9996,1248,3.0,4.0
9996,1939,3.0,4.0
10011,508,3.0,5.0
10028,300,3.0,5.0
10036,5329,3.0,3.5
10057,1923,3.0,4.0
10057,2240,3.0,4.0
10062,3521,3.0,4.0
10068,6365,3.0,2.5
10095,349,3.0,4.0
10099,45672,3.0,3.5
10109,2141,3.0,4.0
10112,5992,3.0,3.0
10112,6333,3.0,2.5
10146,1374,3.0,5.0
10170,2527,3.0,3.0
10220,356,3.0,5.0
10227,1246,3.0,5.0
10250,6290,3.0,1.0
10258,589,3.0,5.0
10270,2863,3.0,5.0
10281,3793,3.0,3.5
10282,155,3.0,3.0
10288,2012,3.0,3.5
10311,994,3.0,5.0
10321,599,3.0,5.0
10394,587,3.0,4.0
10402,8783,3.0,3.5
10402,26577,3.0,3.0
10403,457,3.0,4.0
10418,261,3.0,2.0
10418,4239,3.0,3.0
10427,1267,3.0,2.0
10443,377,3.0,3.0
10462,538,3.0,3.5
10496,42,3.0,3.0
10509,1092,3.0,4.0
10518,2,3.0,3.0
10563,2004,3.0,4.5
10576,3527,3.0,4.0
10627,3039,3.0,5.0
10652,4014,3.0,4.5
10662,527,3.0,4.5
10662,1357,3.0,2.5
10669,1179,3.0,3.0
10680,929,3.0,3.0
10680,7121,3.0,1.5
10680,8958,3.0,2.0
10734,457,3.0,4.0
10759,1739,3.0,3.0
10777,1732,3.0,4.5
10777,2683,3.0,3.5
10786,4847,3.0,3.0
10825,2001,3.0,2.0
10828,541,3.0,3.0
10893,1653,3.0,3.0
10916,1250,3.0,4.0
10984,901,3.0,5.0
10986,4886,3.0,3.5
10987,1298,3.0,3.5
11032,3448,4.0,3.5
11050,132,3.0,1.0
11050,2005,3.0,5.0
11050,2496,3.0,3.0
11050,2580,3.0,4.0
11067,88,3.0,5.0
11069,5372,3.0,4.0
11100,694,3.0,3.0
11113,3717,3.0,3.0
11114,4232,3.0,2.0
11121,62,3.0,4.0
11123,7454,3.0,3.5
11129,4226,3.0,5.0
11133,2013,3.0,1.0
11141,224,3.0,4.0
11143,431,3.0,4.0
11151,1097,2.0,4.0
11162,3972,3.0,4.0
11228,8958,3.0,3.5
11234,51662,3.0,1.0
11239,41569,3.0,3.5
11240,380,3.0,4.0
11243,1345,3.0,3.0
11247,153,3.0,1.0
11260,592,3.0,1.0
11305,1094,3.0,5.0
11314,44204,3.0,4.0
11352,2094,3.0,1.0
11357,30846,3.0,2.5
11358,553,3.0,3.0
11401,2080,1.0,4.0
11414,4011,3.0,4.5
11418,830,3.0,2.0
11434,41569,3.0,4.0
11483,118,3.0,5.0
11483,1479,3.0,5.0
11484,2010,3.0,3.0
11487,223,3.0,4.0
11510,6977,3.0,2.5
11514,5882,3.0,2.0
11544,3266,3.0,4.0
11558,173,3.0,3.0
11571,2502,3.0,5.0
11601,237,3.0,3.0
11607,2066,3.0,4.5
11622,5283,3.0,4.5
11631,4886,3.0,5.0
11646,6333,3.0,4.0
11669,1883,3.0,3.0
11679,312,3.0,3.0
11685,1244,3.0,3.0
11686,5878,3.0,4.5
11695,529,3.0,3.0
11701,7156,3.0,5.0
11744,231,3.0,0.5
11760,5016,3.0,5.0
11779,280,3.0,4.0
11779,1091,3.0,2.0
11779,2791,3.0,4.0
11802,2302,3.0,4.0
11803,2381,3.0,2.5
11823,3298,3.0,4.0
11825,7454,3.0,3.5
11847,1658,3.0,3.5
11868,380,3.0,5.0
11889,1196,3.0,4.0
11962,4225,3.0,4.5
11986,48516,3.0,5.0
12001,3418,3.0,5.0
12055,1250,3.0,3.5
12056,41285,3.0,3.0
12080,2273,3.0,3.5
12135,1380,3.0,3.0
12135,2359,3.0,4.0
12138,801,3.0,2.0
12144,51255,3.0,4.0
12168,589,3.0,3.0
12173,1270,3.0,4.0
12204,1320,3.0,3.0
12207,8528,3.0,4.0
12213,34323,3.0,4.0
12236,3702,3.0,2.0
12248,2353,3.0,3.0
12280,2401,3.0,5.0
12296,3649,3.0,2.0
12309,916,3.0,2.0
12313,2826,3.0,3.5
12329,736,3.0,3.0
12346,4321,3.0,3.0
12347,329,3.0,3.0
12355,2020,3.0,5.0
12369,344,3.0,3.0
12371,1610,3.0,3.0
12382,3996,3.0,5.0
12394,3101,3.0,4.0
12417,592,3.0,3.0
12422,1391,3.0,2.0
12425,266,3.0,3.5
12439,3897,3.0,5.0
12460,3253,3.0,3.0
12477,1410,3.0,2.0
12477,1518,3.0,4.0
12501,1249,3.0,4.0
12527,2054,3.0,5.0
12536,2324,3.0,3.0
12554,1201,3.0,4.5
12561,3688,3.0,2.0
12561,4697,3.0,2.0
12567,247,3.0,4.0
12572,2408,3.0,2.0
12575,597,3.0,4.0
12579,551,3.0,5.0
12583,57,3.0,3.0
12588,1214,3.0,5.0
12593,1380,3.0,0.5
12619,1917,3.0,3.0
12629,3578,3.0,5.0
12644,2023,3.0,3.5
12645,514,3.0,5.0
12668,618,3.0,1.0
12690,208,3.0,1.5
12690,6377,3.0,4.0
12695,2795,3.0,2.5
12705,1242,3.0,4.0
12729,3436,3.0,4.0
12744,70,3.0,4.0
12752,904,3.0,4.0
12759,7707,3.0,2.5
12771,1611,3.0,4.0
12771,1834,3.0,4.0
12771,5064,3.0,3.0
12778,50,3.0,4.0
12791,4210,3.0,4.5
12824,1037,3.0,3.0
12824,1393,3.0,3.0
12833,1356,3.0,4.0
12834,1931,3.0,3.0
12920,5266,3.0,3.5
12922,153,3.0,3.0
12949,7235,3.0,4.5
12955,32,3.0,5.0
12966,150,3.0,4.0
12995,3489,3.0,4.0
13013,3623,3.0,4.0
13019,818,3.0,3.5
13021,838,3.0,5.0
13040,2858,3.0,4.0
13052,4975,3.0,3.0
13061,201,3.0,4.0
13079,1676,3.0,1.0
13091,6785,3.0,2.5
13095,32,3.0,5.0
13102,457,3.0,3.0
13103,3152,3.0,2.0
13104,10,3.0,4.0
13104,2088,3.0,3.0
13111,4992,3.0,3.5
13122,1252,3.0,3.5
13135,153,3.0,2.5
13170,265,3.0,4.0
13198,1248,3.0,3.5
13222,1148,3.0,4.0
13222,5995,3.0,5.0
13223,1245,3.0,4.5
13262,480,3.0,4.5
13278,225,3.0,4.0
13303,3265,3.0,4.5
13309,1208,3.0,2.5
13324,1196,3.0,4.0
13329,1221,3.0,5.0
13332,7943,3.0,5.0
13334,1089,3.0,4.0
13352,1,3.0,4.0
13369,7802,3.0,3.5
13389,454,3.0,3.0
13396,1923,3.0,4.0
13396,49274,3.0,3.0
13418,2800,3.0,3.5
13418,3174,3.0,4.0
13418,4023,3.0,5.0
13423,1686,3.0,4.0
13447,1407,3.0,4.0
13459,280,3.0,4.0
13467,3203,3.0,2.0
13485,1617,3.0,4.0
13499,628,3.0,4.0
13506,475,3.0,5.0
13530,596,3.0,4.0
13564,5502,3.0,3.0
13587,2097,3.0,3.0
13635,5784,3.0,3.0
13635,6297,3.0,3.0
13669,36401,3.0,2.5
13681,353,3.0,3.0
13681,420,3.0,4.0
13691,2,3.0,3.0
13694,6201,3.0,4.5
13702,3061,3.0,3.0
13740,337,3.0,2.5
13746,2797,3.0,3.5
13746,45431,3.0,4.0
13768,527,3.0,5.0
13781,4973,3.0,4.0
13783,916,3.0,5.0
13784,1247,3.0,5.0
13800,62,3.0,4.0
13818,1086,3.0,4.0
13820,7361,3.0,4.0
13824,17,3.0,2.0
13830,70,3.0,5.0
13832,4254,3.0,0.5
13838,3785,3.0,1.0
13841,3253,3.0,3.0
13841,3893,3.0,3.0
13848,3265,3.0,4.0
13863,1573,3.0,1.0
13867,3977,3.0,1.0
13876,4121,3.0,3.0
13881,480,3.0,3.0
13900,1340,3.0,2.5
13900,4838,3.0,4.0
13903,349,3.0,2.5
13971,173,3.0,3.0
13974,1961,3.0,4.0
13988,2302,3.0,5.0
14003,2763,3.0,2.0
14007,1,3.0,5.0
14013,5068,3.0,4.5
14018,1466,3.0,4.5
14022,2369,3.0,4.0
14087,282,3.0,3.0
14106,8376,3.0,4.5
14114,3258,3.0,3.0
14130,2137,3.0,3.0
14134,5250,3.0,2.5
14134,26745,3.0,3.0
14155,36,3.0,5.0
14155,3852,3.0,3.5
14156,43928,3.0,4.0
14165,7045,3.0,3.0
14170,6333,3.0,5.0
14191,3030,3.0,4.0
14212,471,3.0,5.0
14222,1961,3.0,3.0
14226,515,3.0,4.5
14245,3893,3.0,3.5
14263,5952,3.0,4.5
14269,802,3.0,4.5
14275,34048,3.0,4.0
14289,2004,3.0,4.0
14320,2248,3.0,1.0
14328,21,3.0,3.0
14356,5459,3.0,1.0
14358,2707,3.0,4.0
14365,1980,3.0,3.0
14389,589,3.0,4.0
14399,5004,3.0,4.0
14411,3354,3.0,4.0
14454,5605,3.0,4.0
14463,1034,3.0,2.0
14463,1059,3.0,3.0
14463,3655,3.0,4.0
14464,3897,3.0,3.5
14474,2791,3.0,4.0
14474,47465,3.0,3.5
14475,1299,3.0,3.0
14491,4920,3.0,4.5
14495,327,3.0,3.0
14534,2398,3.0,4.0
14542,45928,3.0,3.5
14545,581,3.0,4.0
14577,2094,3.0,3.5
14578,7301,3.0,5.0
14582,356,3.0,2.0
14603,903,3.0,4.0
14640,858,3.0,4.0
14669,3578,3.0,5.0
14692,527,3.0,5.0
14692,2485,3.0,3.0
14702,5391,3.0,4.0
14703,1234,3.0,4.0
14724,3763,3.0,5.0
14725,2997,3.0,4.0
14750,141,3.0,4.0
14756,4226,3.0,5.0
14774,4623,3.0,3.0
14781,1,3.0,4.5
14781,1197,3.0,5.0
14786,2081,3.0,4.0
14803,2011,3.0,3.0
14814,6942,3.0,3.5
14826,2710,3.0,3.0
14830,2959,3.0,3.0
14835,590,3.0,4.0
14837,1704,3.0,4.0
14857,1,3.0,5.0
14859,2605,3.0,4.0
14896,1031,3.0,4.0
14900,4034,3.0,3.5
14903,1562,3.0,3.0
14921,47,3.0,2.0
14945,8961,3.0,3.5
14995,3175,3.0,3.0
14997,5791,3.0,4.0
15011,2926,3.0,4.0
15043,296,3.0,5.0
15060,5801,3.0,3.0
15061,3873,3.0,3.5
15072,316,3.0,3.0
15085,5991,3.0,4.0
15102,4699,3.0,2.0
15104,36535,3.0,4.5
15120,2998,3.0,3.0
15172,2908,3.0,4.0
15173,2791,3.0,3.0
15182,168,3.0,3.0
15213,1234,3.0,4.0
15215,368,3.0,4.0
15224,4993,3.0,5.0
15224,7161,3.0,3.5
15247,1958,3.0,4.0
15248,7026,3.0,3.5
15257,1197,3.0,5.0
15259,5618,3.0,4.0
15269,4380,3.0,5.0
15281,521,3.0,4.0
15285,5630,3.0,4.0
15311,2719,3.0,2.5
15316,2329,3.0,5.0
15352,653,3.0,4.0
15354,4019,3.0,2.0
15354,5941,3.0,4.0
15356,592,3.0,4.0
15363,2427,3.0,4.0
15382,17,3.0,3.0
15393,36,3.0,3.0
15433,736,3.0,4.0
15439,350,3.0,3.0
15451,593,3.0,4.0
15472,2193,3.0,3.0
15488,1240,3.0,5.0
15507,2986,3.0,2.0
15508,1221,3.0,4.5
15508,6031,3.0,2.0
15521,60072,3.0,2.0
15522,112,3.0,3.0
15541,6754,3.0,3.0
15553,1466,3.0,4.0
15569,1912,3.0,4.0
15588,3448,3.0,4.0
15628,1617,3.0,4.0
15636,2003,3.0,3.5
15643,2100,3.0,4.0
15645,1025,3.0,3.5
15652,3104,3.0,5.0
15656,1073,3.0,5.0
15685,1676,3.0,1.0
15686,661,3.0,3.0
15686,4290,3.0,2.0
15697,2947,3.0,5.0
15704,529,3.0,4.0
15709,802,3.0,1.5
15714,5992,3.0,4.0
15715,5349,3.0,4.0
15727,1405,3.0,2.0
15730,172,3.0,3.0
15739,6290,3.0,4.0
15788,563,3.0,5.0
15795,416,3.0,4.0
15798,3793,3.0,5.0
15859,7147,3.0,3.5
15864,161,3.0,4.0
15869,1186,3.0,4.0
15873,32,3.0,4.0
15927,6093,3.0,4.0
15935,1682,3.0,4.0
15941,6990,3.0,4.0
15958,1274,3.0,4.5
15963,2657,3.0,5.0
15978,1393,3.0,4.0
15984,1358,3.0,4.0
15994,616,3.0,3.0
16003,6856,3.0,5.0
16003,26064,3.0,4.0
16004,356,3.0,4.5
16014,1672,3.0,5.0
16026,47,3.0,5.0
16029,1921,3.0,4.0
16067,861,3.0,4.0
16073,923,3.0,4.5
16075,418,3.0,3.0
16080,953,3.0,5.0
16099,16,3.0,5.0
16127,1269,3.0,5.0
16160,2791,3.0,3.0
16160,3072,3.0,4.0
16164,6308,3.0,3.0
16168,33166,3.0,4.0
16178,1276,3.0,4.0
16214,104,3.0,5.0
16227,1028,3.0,3.0
16227,1617,3.0,4.0
16227,2410,3.0,3.5
16242,3793,3.0,3.0
16244,5309,3.0,2.0
16259,1385,3.0,2.0
16260,1653,3.0,3.0
16296,5812,3.0,4.0
16311,50,3.0,5.0
16321,47978,3.0,2.5
16331,569,3.0,3.0
16338,2710,3.0,1.0
16355,886,3.0,3.0
16372,994,3.0,3.0
16376,2571,3.0,3.5
16385,222,3.0,5.0
16387,1476,3.0,2.0
16389,1644,3.0,1.0
16443,5995,3.0,4.5
16453,3991,3.0,1.5
16458,8956,3.0,2.5
16460,924,3.0,5.0
16469,5574,3.0,4.5
16478,1396,3.0,5.0
16507,2069,3.0,4.0
16579,2470,3.0,3.0
16579,2916,3.0,2.5
16609,3791,3.0,1.0
16622,852,3.0,5.0
16628,5481,3.0,4.0
16643,908,3.0,5.0
16651,1090,3.0,5.0
16651,1917,4.0,5.0
16653,1196,3.0,5.0
16669,8633,3.0,3.0
16671,1097,3.0,4.0
16680,2841,3.0,4.0
16681,2865,3.0,3.0
16681,3300,3.0,3.0
16681,5258,3.0,3.5
16703,778,3.0,4.0
16730,198,3.0,2.0
16736,111,3.0,5.0
16750,1201,3.0,4.0
16755,592,3.0,3.0
16765,2380,3.0,3.0
16784,7155,3.0,4.5
16786,1278,3.0,3.0
16797,2385,3.0,4.0
16808,539,3.0,4.0
16838,2115,3.0,3.0
16846,260,3.0,5.0
16871,1200,3.0,4.0
16897,2037,3.0,5.0
16898,2427,3.0,4.0
16928,3033,3.0,3.5
16928,6051,3.0,4.0
16940,750,3.0,4.5
16940,5952,3.0,5.0
16940,60069,3.0,4.0
16953,2710,3.0,4.0
16974,2916,3.0,5.0
16995,2150,3.0,5.0
16997,1641,3.0,3.5
17020,3264,3.0,3.0
17027,784,3.0,4.0
17030,2791,3.0,4.5
17032,2149,3.0,4.0
17054,1347,3.0,3.0
17056,1485,3.0,2.0
17062,1376,3.0,1.0
17066,2245,3.0,4.0
17073,2396,3.0,4.0
17084,312,3.0,3.0
17092,378,3.0,2.0
17110,2987,3.0,2.0
17140,223,3.0,4.5
17156,1096,3.0,4.0
17173,344,3.0,4.0
17196,1580,3.0,3.0
17213,2502,3.0,3.5
17217,196,3.0,4.0
17246,2174,3.0,4.0
17262,1615,3.0,5.0
17282,2143,3.0,4.0
17284,7981,3.0,4.0
17303,2949,3.0,3.5
17312,6803,3.0,3.0
17376,589,3.0,5.0
17376,4235,3.0,4.5
17391,7458,3.0,3.5
17420,6987,3.0,4.0
17421,3052,3.0,4.0
17434,6565,3.0,4.5
17438,6559,3.0,2.5
17438,6881,3.0,3.5
17462,380,3.0,5.0
17485,1266,3.0,4.0
17503,2700,3.0,3.5
17519,153,3.0,3.0
17525,4359,3.0,4.0
17536,55820,3.0,5.0
17538,3253,3.0,4.0
17570,2125,3.0,3.5
17588,224,3.0,3.0
17595,2764,3.0,4.0
17601,6187,3.0,4.0
17613,2916,3.0,3.0
17613,48774,3.0,3.0
17646,1544,3.0,2.0
17646,6461,3.0,3.0
17653,38886,3.0,2.5
17658,3087,3.0,4.0
17670,3168,3.0,3.0
17684,474,3.0,5.0
17684,2762,3.0,4.0
17690,1711,3.0,2.0
17692,2020,3.0,3.0
17721,208,3.0,3.0
17737,2599,3.0,5.0
17738,3977,3.0,0.5
17746,338,3.0,3.5
17770,586,3.0,3.0
17770,1049,3.0,3.0
17770,2343,3.0,3.0
17790,6539,3.0,3.0
17800,1384,3.0,5.0
17810,370,3.0,3.0
17835,381,3.0,2.5
17854,1605,3.0,3.5
17854,1894,3.0,3.0
17905,3360,3.0,5.0
17913,502,3.0,3.0
17913,2490,3.0,3.0
17916,349,3.0,4.0
17922,4808,3.0,3.0
17922,5144,3.0,4.0
17930,2762,3.0,4.0
17935,2700,3.0,5.0
17940,2178,3.0,4.0
17972,293,3.0,5.0
17999,1275,3.0,3.0
18015,2474,3.0,3.5
18040,1059,3.0,3.5
18040,2640,3.0,1.5
18056,546,3.0,2.0
18056,3017,3.0,3.0
18060,920,3.0,4.0
18089,2407,3.0,5.0
18091,1291,3.0,4.0
18096,1196,3.0,4.0
18109,1721,3.0,3.0
18115,5816,3.0,3.0
18127,1289,3.0,3.0
18129,3593,3.0,2.0
18155,318,3.0,4.5
18161,160,3.0,2.0
18169,648,3.0,2.0
18171,454,3.0,3.0
18177,5476,3.0,3.5
18197,516,3.0,3.0
18197,3644,3.0,3.0
18204,2321,3.0,4.0
18217,1033,3.0,3.0
18221,828,3.0,3.0
18233,5,3.0,2.5
18241,4499,3.0,4.0
18278,3686,3.0,4.0
18278,26117,3.0,2.0
18283,2881,3.0,1.0
18300,595,3.0,4.0
18323,1835,3.0,5.0
18344,1225,3.0,4.0
18352,2067,3.0,5.0
18367,1527,3.0,3.0
18379,5508,3.0,3.0
18380,4321,3.0,4.0
18380,5991,3.0,4.0
18430,2116,3.0,3.0
18453,3163,3.0,2.0
18454,1270,3.0,4.0
18460,592,3.0,2.5
18544,1333,3.0,4.0
18589,1246,3.0,4.5
18600,1721,3.0,3.5
18616,1129,3.0,3.0
18651,661,3.0,3.0
18653,356,3.0,5.0
18682,588,3.0,3.0
18688,1213,3.0,4.5
18692,203,3.0,5.0
18702,1580,3.0,4.0
18724,2710,3.0,3.0
18727,524,3.0,3.5
18727,2450,3.0,2.0
18727,3910,3.0,5.0
18739,73,3.0,5.0
18755,6412,3.0,3.5
18762,524,3.0,3.0
18762,658,3.0,3.0
18802,4878,3.0,3.0
18802,7438,3.0,4.0
18813,2291,3.0,2.0
18817,330,3.0,4.0
18833,3253,3.0,3.5
18870,69,3.0,3.5
18870,1225,3.0,4.5
18880,1927,3.0,3.5
18884,500,3.0,3.5
18896,8984,3.0,3.0
18930,10,3.0,4.0
18937,3418,3.0,2.0
18939,33794,3.0,4.5
18973,1500,3.0,3.5
18973,5266,3.0,3.0
18983,8636,3.0,3.0
18987,613,3.0,1.0
18989,858,3.0,4.0
19011,2858,3.0,4.0
19032,457,3.0,3.0
19064,350,3.0,2.0
19094,1198,4.0,5.0
19104,5010,3.0,3.5
19139,33166,3.0,5.0
19155,3342,3.0,5.0
19169,1259,3.0,5.0
19172,586,3.0,4.0
19191,4110,3.0,5.0
19194,144,3.0,5.0
19201,288,3.0,2.0
19204,2,3.0,3.0
19218,1101,3.0,3.0
19223,3361,3.0,3.0
19231,3168,3.0,5.0
19280,2424,3.0,1.5
19280,4979,3.0,5.0
19299,2402,3.0,2.0
19300,50,3.0,5.0
19328,435,3.0,3.0
19356,900,3.0,4.0
19400,1923,3.0,4.0
19408,1073,3.0,4.5
19416,1196,3.0,5.0
19424,1972,3.0,1.0
19431,218,3.0,5.0
19443,4886,3.0,2.5
19450,1779,3.0,3.0
19451,2395,3.0,5.0
19452,32029,3.0,3.5
19479,1247,3.0,5.0
19509,2,3.0,3.0
19532,1584,3.0,4.0
19546,2433,3.0,3.0
19574,733,3.0,3.0
19635,612,3.0,2.0
19635,1129,3.0,4.0
19635,1378,3.0,4.0
19635,4699,3.0,3.0
19635,5241,3.0,3.0
19635,26562,3.0,4.0
19635,40964,3.0,2.5
19641,4638,3.0,4.0
19661,3825,3.0,4.0
19689,1994,3.0,4.0
19699,1241,3.0,4.5
19699,34048,3.0,3.0
19716,881,3.0,3.0
19722,420,3.0,3.0
19789,3159,3.0,5.0
19805,1480,3.0,4.0
19819,4363,3.0,3.0
19836,7137,3.0,4.0
19838,1387,3.0,3.5
19856,4,3.0,3.0
19859,482,3.0,4.5
19859,1889,3.0,4.0
19859,2672,3.0,4.5
19872,110,3.0,5.0
19875,3171,3.0,2.0
19885,1291,3.0,3.5
19891,2918,3.0,3.0
19924,1627,3.0,3.0
19938,49220,3.0,3.5
19945,8623,3.0,3.5
19948,3481,3.0,2.5
19950,33679,3.0,4.0
19960,1222,3.0,4.0
19962,165,3.0,5.0
19976,4214,3.0,3.0
19982,1717,3.0,4.0
19982,45726,3.0,4.0
19990,2294,3.0,4.0
19992,5650,3.0,2.0
20001,2989,3.0,3.5
20012,3669,3.0,2.5
20021,1545,3.0,1.0
20038,1203,3.0,4.5
20038,6218,3.0,3.5
20055,4343,3.0,2.0
20059,2965,3.0,1.5
20092,1042,3.0,4.0
20097,6157,3.0,2.5
20099,2355,3.0,3.5
20121,3977,3.0,3.5
20175,1267,3.0,3.5
20188,2333,3.0,4.0
20192,3527,3.0,5.0
20192,4645,3.0,3.5
20196,440,3.0,2.0
20196,2597,3.0,1.5
20213,1569,3.0,3.5
20294,2905,3.0,5.0
20298,8368,3.0,4.0
20309,260,3.0,5.0
20312,3418,3.0,4.0
20313,3510,3.0,1.0
20328,2628,3.0,2.0
20342,50,3.0,4.0
20349,1,3.0,5.0
20383,442,3.0,4.0
20399,2024,3.0,4.0
20401,3114,3.0,4.0
20401,8949,3.0,5.0
20404,344,3.0,3.0
20417,4085,3.0,5.0
20430,355,3.0,1.0
20438,7119,3.0,0.5
20486,3633,3.0,1.0
20528,2501,3.0,2.0
20548,2355,3.0,4.0
20597,2700,3.0,3.5
20602,382,3.0,3.0
20605,1127,3.0,4.5
20633,1246,3.0,4.0
20662,260,3.0,3.0
20672,1619,3.0,1.0
20674,1810,3.0,4.0
20675,858,3.0,5.0
20684,1097,3.0,3.0
20722,1405,3.0,2.0
20754,1907,3.0,3.0
20758,1288,3.0,4.0
20767,953,3.0,3.5
20776,4589,3.0,3.0
20777,3208,3.0,2.5
20797,1625,3.0,5.0
20797,2948,3.0,5.0
20797,8937,3.0,3.0
20807,3421,3.0,4.0
20807,3751,3.0,3.0
20835,784,3.0,3.0
20870,4308,3.0,4.5
20908,3219,3.0,1.0
20937,2959,3.0,3.0
20967,2716,3.0,5.0
21026,1617,3.0,4.0
21055,1747,3.0,4.0
21069,4962,3.0,2.5
21081,10,3.0,3.0
21081,2881,3.0,3.0
21085,1371,3.0,3.0
21085,4623,3.0,2.0
21119,2,3.0,1.0
21145,2396,3.0,2.0
21149,4642,3.0,3.0
21164,3801,3.0,4.0
21164,4187,3.0,4.0
21184,1732,3.0,3.5
21196,377,3.0,4.0
21198,4084,3.0,1.5
21219,296,3.0,4.5
21244,2912,3.0,2.5
21261,88,3.0,5.0
21268,3751,3.0,2.5
21268,3785,3.0,2.0
21280,3030,3.0,4.0
21283,5377,3.0,3.5
21284,750,3.0,4.5
21304,1370,3.0,1.5
21352,3,3.0,4.0
21358,211,3.0,1.0
21368,208,3.0,5.0
21378,223,3.0,1.0
21400,1220,3.0,4.5
21410,1431,3.0,1.0
21414,1290,3.0,3.0
21434,353,3.0,3.5
21484,349,3.0,3.0
21502,4027,3.0,4.0
21506,1407,3.0,3.0
21537,208,3.0,3.0
21550,2300,3.0,5.0
21551,648,3.0,4.0
21572,2605,3.0,5.0
21573,1270,3.0,5.0
21573,3264,3.0,1.0
21606,5502,3.0,4.0
21614,364,3.0,5.0
21634,272,3.0,4.0
21634,2012,3.0,3.0
21634,2908,3.0,4.0
21634,4424,3.0,4.0
21635,1653,3.0,5.0
21650,534,3.0,5.0
21656,282,3.0,4.0
21657,2521,3.0,3.0
21675,5530,3.0,3.0
21677,1479,3.0,3.0
21688,1204,3.0,4.0
21691,1682,3.0,5.0
21694,49272,3.0,4.0
21694,50160,3.0,3.5
21754,59315,3.0,3.5
21757,3108,3.0,4.5
21757,5266,3.0,3.5
21767,532,3.0,4.0
21770,32,3.0,4.0
21779,356,3.0,1.0
21785,1625,3.0,3.5
21791,19,3.0,2.0
21840,428,3.0,2.0
21841,253,3.0,3.0
21849,595,3.0,4.0
21850,1233,3.0,5.0
21870,1247,3.0,4.0
21880,2377,3.0,3.0
21906,6807,3.0,3.0
21919,1234,3.0,4.0
21922,555,3.0,4.0
21922,1060,3.0,1.0
21940,345,3.0,4.0
21955,7782,3.0,2.0
21970,3755,3.0,1.0
21977,153,3.0,3.0
22001,342,3.0,5.0
22001,2505,3.0,4.0
22013,474,3.0,5.0
22077,2384,3.0,4.0
22077,2747,3.0,4.0
22104,223,3.0,4.0
22108,1461,3.0,4.0
22112,1131,3.0,4.0
22138,7063,3.0,4.0
22139,225,3.0,2.0
22168,1270,3.0,4.0
22179,593,3.0,4.0
22182,3451,3.0,4.0
22195,3105,3.0,5.0
22198,7708,3.0,3.0
22208,1196,3.0,3.5
22215,222,3.0,3.0
22235,543,3.0,4.0
22244,432,3.0,2.0
22268,575,3.0,3.0
22276,1028,3.0,5.0
22277,1214,3.0,4.0
22299,1748,3.0,4.0
22319,1135,4.0,4.0
22335,2959,3.0,4.5
22342,1438,3.0,3.0
22369,5686,3.0,5.0
22391,47,3.0,3.5
22391,3556,3.0,3.0
22394,47,3.0,4.0
22396,1127,3.0,4.0
22397,1408,3.0,3.5
22430,6754,3.0,2.0
22433,3063,3.0,2.0
22448,302,3.0,2.0
22455,2763,3.0,4.0
22461,2451,3.0,4.0
22462,527,3.0,3.5
22469,223,3.0,3.5
22551,988,3.0,2.0
22566,778,3.0,5.0
22591,1994,3.0,5.0
22609,2231,3.0,3.5
22613,912,3.0,5.0
22614,736,3.0,3.5
22616,40723,3.0,3.0
22618,2717,3.0,2.5
22622,1479,3.0,4.0
22632,1913,3.0,3.0
22647,919,3.0,3.0
22658,780,3.0,3.0
22670,306,3.0,3.0
22676,590,3.0,3.0
22694,2716,3.0,3.5
22705,1222,3.0,4.5
22720,594,3.0,3.0
22744,2987,3.0,3.0
22764,6795,3.0,1.5
22768,253,3.0,4.0
22791,2722,3.0,4.0
22796,858,3.0,5.0
22842,880,3.0,2.0
22853,4422,3.0,5.0
22859,1278,3.0,4.0
22861,2598,3.0,4.0
22872,2918,3.0,4.0
22873,1079,3.0,4.0
22874,1527,3.0,2.0
22898,1641,3.0,4.0
22899,1405,3.0,1.0
22922,741,3.0,3.5
22922,3703,3.0,3.0
22929,898,3.0,4.0
22938,4902,3.0,3.5
22957,6645,3.0,3.0
22969,3421,3.0,3.0
22971,364,3.0,4.0
22983,2002,3.0,4.0
22999,225,3.0,3.0
23037,1223,3.0,3.0
23050,70,3.0,2.0
23105,1079,3.0,5.0
23105,1394,3.0,4.0
23139,2420,3.0,3.5
23152,595,3.0,4.0
23159,1597,3.0,2.0
23161,2088,3.0,0.5
23176,132,3.0,2.5
23176,1411,3.0,2.0
23210,1466,3.0,5.0
23250,3968,3.0,2.0
23277,5218,3.0,4.0
23303,5284,3.0,1.0
23320,1681,3.0,1.0
23322,4062,3.0,4.0
23327,4084,3.0,4.0
23334,1037,3.0,1.0
23344,318,3.0,5.0
23355,1856,3.0,2.0
23370,1161,3.0,5.0
23380,48,3.0,3.0
23384,380,3.0,5.0
23398,457,3.0,4.0
23419,1958,3.0,4.0
23437,590,3.0,2.5
23449,1907,3.0,3.0
23457,908,3.0,4.5
23463,351,3.0,2.0
23463,7215,3.0,4.5
23495,587,3.0,3.0
23530,2890,3.0,1.0
23536,2858,3.0,5.0
23565,3421,3.0,1.0
23581,4483,3.0,3.0
23582,2683,3.0,4.5
23585,1086,3.0,3.0
23587,7153,3.0,5.0
23633,1059,3.0,4.0
23634,34153,3.0,4.0
23639,55282,3.0,4.0
23659,8784,3.0,4.5
23674,1093,3.0,3.0
23683,353,3.0,4.0
23685,62,3.0,3.0
23697,5377,3.0,3.5
23702,4378,3.0,4.0
23752,595,3.0,4.5
23760,5504,3.0,3.0
23775,1291,3.0,4.0
23778,837,3.0,3.5
23799,314,3.0,3.0
23812,546,3.0,1.0
23813,509,3.0,3.0
23833,27721,3.0,5.0
23843,3635,3.0,4.0
23844,32587,3.0,3.0
23850,26326,3.0,5.0
23851,107,3.0,5.0
23858,2052,3.0,4.5
23889,3079,3.0,1.0
23917,2572,3.0,3.5
23920,27706,3.0,3.0
23956,3993,3.0,3.0
23985,2268,3.0,4.0
23988,2422,3.0,2.5
23988,6333,3.0,3.0
24021,2692,3.0,4.0
24052,3919,3.0,4.0
24057,2643,3.0,1.0
24072,6333,3.0,5.0
24072,7361,3.0,4.5
24074,1197,3.0,4.0
24086,351,3.0,3.5
24093,1409,3.0,1.0
24096,1356,3.0,4.0
24100,326,3.0,4.0
24106,1266,3.0,4.0
24164,2872,3.0,5.0
24167,1219,3.0,4.0
24174,110,3.0,5.0
24189,95,3.0,3.0
24192,2108,3.0,4.0
24200,457,3.0,4.0
24221,2167,3.5,3.0
24234,2718,3.0,3.0
24263,1339,3.0,4.0
24263,6377,3.0,4.0
24272,1193,3.0,5.0
24337,1084,3.0,3.0
24340,32666,3.0,1.0
24350,356,3.0,4.0
24355,6663,3.0,4.0
24356,43928,3.0,2.0
24365,440,3.0,4.0
24369,1035,3.0,2.0
24422,1968,3.0,5.0
24425,419,3.0,3.0
24426,7091,3.0,4.0
24449,2406,3.0,3.5
24463,1207,3.0,5.0
24465,161,3.0,2.0
24466,2357,3.0,4.0
24495,6936,3.0,3.5
24515,3863,3.0,1.0
24517,8807,3.0,3.5
24535,2028,3.0,3.0
24581,235,3.0,4.0
24607,6213,3.0,3.0
24629,546,3.0,1.0
24637,588,3.0,4.0
24661,2724,3.0,3.0
24664,1639,3.0,4.0
24666,21,3.0,5.0
24695,5093,3.0,2.0
24712,2565,3.0,4.0
24712,4616,3.0,2.0
24743,6212,3.0,2.5
24746,5507,3.0,0.5
24752,1144,3.0,3.0
24774,1304,3.0,3.0
24789,265,3.0,3.0
24805,3535,3.0,3.5
24812,912,3.0,5.0
24836,1396,3.0,4.0
24836,3401,3.0,2.0
24873,377,3.0,3.0
24929,2406,3.0,4.0
24951,364,3.0,2.0
24953,1917,3.0,3.5
25005,3702,3.0,4.0
25007,339,3.0,3.5
25008,1293,3.0,5.0
25011,1019,3.0,4.0
25028,3408,3.0,4.0
25038,5705,3.0,1.5
25038,6338,3.0,1.0
25042,2747,3.0,4.0
25052,3113,3.0,3.0
25055,55820,3.0,4.5
25059,1097,3.0,3.0
25102,2058,3.0,3.0
25113,2024,3.0,4.0
25122,1225,3.0,5.0
25125,2628,3.0,4.0
25136,6819,3.0,3.5
25152,2961,3.0,1.0
25157,2571,3.0,4.5
25174,267,3.0,3.0
25196,347,3.0,4.5
25203,7451,3.0,4.0
25214,648,3.0,3.0
25218,2012,3.0,2.0
25236,28,3.0,1.0
25239,1281,3.0,3.0
25239,3742,3.0,3.5
25264,2834,3.0,5.0
25271,2858,3.0,5.0
25298,293,3.0,3.0
25306,2243,3.0,4.0
25311,170,3.0,5.0
25315,2953,3.0,2.0
25317,500,3.0,2.0
25342,6774,3.0,5.0
25365,2916,3.0,3.0
25372,1221,3.0,4.0
25372,8757,3.0,3.5
25375,736,3.0,1.0
25412,1061,3.0,4.5
25413,370,3.0,2.0
25430,1580,3.0,3.5
25470,1237,3.0,5.0
25502,1923,3.0,3.0
25508,1198,3.0,5.0
25510,4734,3.0,5.0
25535,474,3.0,3.0
25545,3325,3.0,3.0
25572,4029,3.0,4.5
25573,420,3.0,1.0
25597,1124,3.0,4.5
25597,1136,3.0,4.0
25597,6678,3.0,4.0
25634,1687,3.0,2.0
25638,4027,3.0,5.0
25667,903,3.0,5.0
25674,2700,3.0,3.5
25679,5957,3.0,4.0
25686,293,3.0,3.5
25694,420,3.0,2.0
25694,1405,3.0,2.0
25703,1275,3.0,4.0
25723,1380,3.0,4.5
25727,2433,3.0,5.0
25740,2571,3.0,4.5
25740,3175,3.0,4.0
25750,4535,3.0,3.5
25777,3629,3.0,5.0
25795,1185,3.0,1.5
25795,3101,3.0,4.0
25801,52885,3.0,4.0
25833,1345,3.0,3.0
25853,349,3.0,5.0
25868,344,3.0,3.0
25887,5046,3.0,3.0
25894,3578,3.0,3.5
25942,539,3.0,3.0
25955,6,3.0,5.0
25995,5669,3.0,3.5
26006,112,3.0,4.0
26038,647,3.0,3.0
26045,1221,3.0,5.0
26055,457,3.0,3.0
26056,2959,3.0,5.0
26058,163,3.0,3.0
26064,3996,3.0,4.0
26075,1282,3.0,4.0
26090,3826,3.0,1.0
26093,377,3.0,2.0
26096,1479,3.0,2.0
26103,1219,3.0,5.0
26110,3639,3.0,5.0
26116,3176,3.0,4.5
26127,2021,3.0,2.5
26127,4911,3.0,2.0
26150,2392,3.0,1.0
26166,1011,3.0,3.0
26195,2707,3.0,4.0
26212,1488,3.0,5.0
26253,2111,3.0,1.0
26257,1221,3.0,1.0
26266,2141,3.0,5.0
26272,551,3.0,3.0
26290,1678,3.0,4.0
26292,3175,3.0,4.0
26296,2571,3.0,5.0
26300,3786,3.0,3.0
26311,7481,3.0,4.0
26316,3361,3.0,3.5
26328,2294,3.0,2.0
26365,1619,3.0,5.0
26380,2709,3.0,1.0
26387,1515,3.0,3.0
26400,356,3.0,5.0
26401,590,3.0,4.0
26422,2289,3.0,4.0
26422,4329,3.0,3.0
26489,1388,3.0,3.0
26495,2805,3.0,4.0
26528,506,3.0,4.0
26533,4878,3.0,4.5
26536,1148,3.0,5.0
26540,3526,3.0,4.0
26569,1127,3.0,5.0
26588,252,3.0,2.0
26589,1911,3.0,3.5
26589,3704,3.0,3.5
26603,3911,3.0,3.5
26623,1983,3.0,2.0
26625,688,3.0,3.5
26629,4489,3.0,3.5
26648,337,3.0,3.0
26655,589,3.0,3.0
26674,8533,3.0,2.5
26692,1394,3.0,4.0
26692,3275,3.0,4.0
26695,1722,3.0,4.0
26695,5507,3.0,1.5
26715,786,3.0,3.0
26738,5500,3.0,4.0
26738,8861,3.0,3.5
26751,225,3.0,3.0
26816,745,3.0,5.0
26834,2657,3.0,1.0
26850,186,3.0,2.5
26856,1220,3.0,5.0
26856,2080,3.0,3.0
26859,3535,3.0,4.5
26883,596,3.0,5.0
26883,1270,3.0,5.0
26909,778,3.0,4.0
26917,8360,3.0,4.0
26929,2762,3.0,4.0
26930,5,3.0,3.0
26963,1748,3.0,5.0
26987,2012,3.0,3.5
26992,364,3.0,4.0
27001,1372,3.0,4.0
27039,186,3.0,4.0
27049,457,3.0,4.0
27070,1230,3.0,4.0
27076,52,3.0,4.0
27088,5214,3.0,3.0
27092,2968,3.0,4.0
27115,1261,3.0,4.5
27120,1909,3.0,2.5
27138,2918,3.0,3.0
27145,2997,3.0,4.0
27146,260,3.0,3.0
27155,1220,3.0,5.0
27164,31,3.0,3.0
27177,589,3.0,4.0
27194,1747,3.0,3.0
27208,858,3.0,3.0
27235,8644,3.0,3.5
27238,44191,3.0,5.0
27239,3069,3.0,2.5
27261,95,3.0,2.0
27261,1227,3.0,4.0
27261,4158,3.0,2.0
27261,4932,3.0,4.0
27265,7173,3.0,3.0
27269,4040,3.0,3.0
27278,6333,3.0,1.0
27284,8376,3.0,5.0
27302,1246,3.0,3.5
27317,904,3.0,5.0
27327,2997,3.0,3.0
27336,1282,3.0,4.0
27361,1356,3.0,4.0
27381,516,3.0,4.0
27415,4584,3.0,5.0
27425,1035,3.0,5.0
27425,4967,3.0,5.0
27447,4723,3.0,2.0
27468,65,3.0,2.5
27468,519,3.0,3.0
27468,2912,3.0,5.0
27468,3633,3.0,3.0
27468,7217,3.0,4.5
27468,7275,3.0,4.0
27469,2004,3.0,1.0
27503,5009,3.0,5.0
27505,5238,3.0,4.5
27530,292,3.0,3.5
27544,1396,3.0,4.0
27561,7137,3.0,4.0
27576,1225,3.0,3.0
27584,3424,3.0,3.0
27584,3500,3.0,2.0
27584,5625,3.0,2.0
27584,54286,3.0,3.5
27586,1342,3.0,0.5
27597,1242,3.0,5.0
27601,2396,3.0,3.0
27663,32,3.0,4.5
27670,1732,3.0,4.0
27671,6550,3.0,3.0
27695,2396,3.0,4.0
27696,6934,3.0,5.0
27709,1641,3.0,3.5
27717,2408,3.0,3.0
27717,4587,3.0,2.0
27717,5254,3.0,4.0
27727,3071,3.0,4.0
27742,4161,3.0,2.0
27769,1206,3.0,5.0
27769,1682,3.0,4.0
27775,2412,3.0,1.0
27778,41716,3.0,3.0
27787,910,3.0,4.0
27803,231,3.0,3.0
27806,2628,3.0,1.5
27806,4105,3.0,5.0
27815,48,3.0,3.0
27825,3764,3.0,2.0
27852,5872,3.0,2.5
27860,223,3.0,5.0
27860,2719,3.0,4.0
27862,3793,3.0,4.0
27916,64,3.0,1.0
27920,3176,3.0,5.0
27933,111,3.0,3.0
27946,8529,3.0,3.5
27959,836,3.0,3.0
27972,69,3.0,5.0
27986,1250,3.0,5.0
28011,110,3.0,2.5
28028,3147,3.0,4.5
28033,1073,3.0,5.0
28042,2683,3.0,2.5
28072,4238,3.0,3.0
28082,33725,3.0,2.5
28103,7063,3.0,4.5
28105,1265,3.0,4.0
28105,1962,3.0,3.5
28120,903,3.0,5.0
28125,551,3.0,4.0
28127,1690,2.9999999999999996,4.5
28146,368,3.0,3.5
28148,762,3.0,2.0
28177,904,3.0,4.0
28191,508,3.0,3.5
28202,1923,3.0,2.0
28215,2414,3.0,3.0
28215,3098,3.0,4.0
28219,1916,3.0,5.0
28219,2268,3.0,5.0
28232,2572,3.0,2.5
28232,56782,3.0,2.0
28240,527,3.0,3.0
28244,410,3.0,3.0
28252,920,3.0,4.0
28283,2858,3.0,3.5
28284,3745,3.0,3.5
28294,1923,3.0,5.0
28315,5171,3.0,3.5
28319,1080,3.0,4.0
28321,1214,3.0,4.0
28322,1503,3.0,4.0
28329,786,3.0,4.0
28345,2863,3.0,2.0
28345,3467,3.0,2.0
28346,1573,3.0,3.0
28348,1206,3.0,4.0
28348,3354,3.0,4.0
28348,4506,3.0,4.0
28351,1464,3.0,4.0
28352,4643,3.0,3.0
28360,3639,3.0,3.0
28363,165,3.0,5.0
28389,296,3.0,4.0
28460,805,3.0,3.0
28527,81,3.0,2.0
28590,517,3.0,4.0
28595,1270,3.0,4.0
28665,673,3.0,0.5
28669,231,3.0,0.5
28742,3599,3.0,4.0
28747,165,3.0,5.0
28764,597,3.0,3.0
28771,428,3.0,2.0
28780,724,3.0,4.0
28825,3809,3.0,4.0
28832,6126,3.0,5.0
28834,2985,3.0,3.0
28847,593,3.0,3.0
28859,38038,3.0,3.5
28862,497,3.0,4.0
28862,515,3.0,4.0
28875,589,3.0,3.0
28878,808,3.0,4.0
28909,786,3.0,3.0
28917,707,3.0,4.0
28967,120,3.0,4.0
28982,1173,3.0,4.5
28985,2377,3.0,4.0
28986,3695,3.0,1.0
28992,593,3.0,5.0
29004,110,3.0,5.0
29028,555,3.0,5.0
29067,377,3.0,3.5
29088,215,3.0,4.5
29091,2054,3.0,3.5
29108,19,3.0,1.0
29125,3444,3.0,3.0
29140,417,3.0,3.0
29163,2571,3.0,4.5
29198,442,3.0,3.0
29202,1378,3.0,3.0
29249,47,3.0,5.0
29264,880,3.0,2.0
29268,8957,3.0,3.5
29302,1278,3.0,2.5
29305,442,3.0,2.5
29308,1876,3.0,4.0
29323,2396,3.0,5.0
29330,2161,3.0,1.0
29339,1180,3.0,3.0
29353,585,3.0,4.0
29353,1297,3.0,4.0
29363,235,3.0,5.0
29366,3210,3.0,4.5
29386,1303,3.0,3.5
29401,3263,3.0,4.0
29421,6163,3.0,3.5
29428,3996,3.0,4.5
29431,590,3.0,3.5
29431,2671,3.0,4.0
29448,6380,3.0,4.0
29465,1374,3.0,4.0
29468,780,3.0,3.0
29494,1288,3.0,5.0
29500,5520,3.0,3.0
29524,420,3.0,3.0
29525,181,3.0,3.0
29538,1,3.0,3.0
29553,653,3.0,2.0
29585,1213,3.0,4.5
29615,368,3.0,2.5
29620,1043,3.0,4.0
29621,956,3.0,3.0
29621,1278,3.0,3.5
29637,8360,3.0,3.5
29643,2912,3.0,4.5
29643,2959,3.0,5.0
29643,3301,3.0,3.0
29666,39,3.0,3.0
29701,8636,3.0,4.0
29711,1954,3.0,2.5
29725,1358,3.0,4.0
29726,3018,3.0,4.0
29739,1721,3.0,4.0
29741,231,3.0,2.0
29752,485,3.0,1.5
29755,590,3.0,3.0
29801,5313,3.0,3.0
29814,1777,3.0,3.0
29840,2105,3.0,4.0
29843,2406,3.0,4.0
29845,150,3.0,4.0
29880,4317,3.0,1.0
29892,344,3.0,2.0
29892,3476,3.0,4.5
29911,4345,3.0,4.0
29922,1211,3.0,4.0
29924,16,3.0,5.0
29930,1224,3.0,4.5
29941,3994,3.0,4.0
29967,590,3.0,5.0
29987,3545,3.0,5.0
30027,2034,3.0,3.0
30027,7004,3.0,3.5
30028,5,3.0,2.0
30028,1461,3.0,1.5
30028,3676,3.0,4.5
30043,4226,3.0,3.5
30061,1210,3.0,3.0
30075,377,3.0,4.0
30090,1370,3.0,4.0
30097,8376,3.0,2.0
30110,179,3.0,3.0
30139,25,3.0,3.0
30142,910,3.0,3.0
30143,1672,3.0,3.0
30149,1262,3.0,5.0
30167,712,3.0,3.0
30187,60,3.0,3.5
30195,211,3.0,3.0
30198,5502,3.0,3.0
30241,489,3.0,5.0
30243,231,3.0,3.5
30250,831,3.0,5.0
30264,100,3.0,2.0
30272,953,3.0,5.0
30272,2280,3.0,2.0
30275,4649,3.0,4.5
30278,16,3.0,3.0
30285,6997,3.0,3.5
30296,2882,3.0,1.0
30297,1380,3.0,3.0
30297,3462,3.0,5.0
30319,2583,3.0,4.0
30322,593,3.0,4.0
30328,5015,3.0,4.0
30353,4286,3.0,3.5
30380,784,3.0,3.0
30386,996,3.0,2.0
30387,292,3.0,2.5
30427,367,3.0,3.0
30472,47,3.0,3.0
30493,2141,3.0,3.0
30500,1275,3.0,2.5
30500,4299,3.0,3.0
30505,48304,3.0,4.0
30553,1480,3.0,4.0
30651,11,3.0,4.0
30688,3114,3.0,3.5
30692,5377,3.0,4.0
30695,1061,3.0,3.0
30707,1441,3.0,4.0
30709,2012,3.0,3.0
30723,4144,3.0,4.0
30742,296,3.0,5.0
30743,361,3.0,4.0
30745,35,3.0,3.0
30779,8361,3.0,4.0
30783,216,3.0,3.5
30827,315,3.0,3.0
30838,292,3.0,5.0
30840,3980,3.0,2.0
30848,495,3.0,3.0
30864,1950,3.0,4.0
30870,1097,3.0,4.0
30886,55290,3.0,4.0
30901,36,3.0,5.0
30901,1544,3.0,2.0
30902,2611,3.0,4.0
30918,1198,3.0,2.5
30919,1379,3.0,3.0
30925,1304,3.0,5.0
30928,225,3.0,3.0
30941,2471,3.0,3.0
30947,2986,3.0,2.0
30951,680,3.0,5.0
30954,8784,3.0,3.5
30958,2987,3.0,4.0
30964,2145,2.0,4.0
30971,1918,3.0,2.0
30977,808,3.0,4.0
30978,1485,3.0,2.0
30981,539,3.0,3.0
30988,1588,3.0,2.0
30998,5025,3.0,2.0
31019,289,3.0,3.0
31045,1917,3.0,5.0
31062,350,3.0,5.0
31073,95,3.0,3.0
31092,372,3.0,2.0
31129,261,3.0,3.0
31129,2375,3.0,2.5
31129,3861,3.0,2.5
31138,2513,3.0,4.0
31138,4973,3.0,4.0
31139,969,3.0,3.0
31193,5040,3.0,1.5
31212,475,3.0,4.0
31225,2206,3.0,4.0
31254,2091,3.0,3.0
31260,527,3.0,5.0
31295,562,3.0,1.0
31308,318,3.0,5.0
31323,1485,3.0,3.0
31327,426,3.0,2.5
31327,6807,3.0,3.5
31333,1356,3.0,4.0
31337,457,3.0,3.0
31347,2166,3.0,3.0
31352,2710,3.0,0.5
31357,1667,3.0,4.0
31363,2881,3.0,2.0
31372,809,3.0,2.0
31375,6863,3.0,4.5
31380,1416,3.0,2.0
31401,2871,3.0,3.0
31404,282,3.0,5.0
31440,111,3.0,4.0
31451,3105,3.0,4.0
31462,349,3.0,3.0
31468,1500,3.0,3.0
31468,5027,3.0,4.0
31468,8961,3.0,4.5
31497,4027,3.0,2.0
31503,4979,3.0,3.5
31504,908,3.0,5.0
31504,3702,3.0,4.0
31557,466,3.0,1.0
31570,928,3.0,5.0
31575,648,3.0,5.0
31579,4155,3.0,2.0
31588,2724,3.0,3.0
31607,453,3.0,5.0
31620,2803,3.0,3.5
31642,589,3.0,4.0
31658,123,3.0,5.0
31701,253,3.0,4.5
31711,592,3.0,3.0
31714,1037,3.0,3.5
31724,1252,3.0,3.5
31734,527,3.0,3.0
31752,2028,3.0,4.0
31761,778,3.0,4.0
31769,715,3.0,1.0
31784,3152,3.0,4.0
31798,2167,3.5,3.5
31807,4993,3.0,4.0
31813,2291,3.0,3.5
31847,416,3.0,1.0
31854,3146,3.0,2.0
31884,34162,3.0,1.5
31891,3615,3.0,3.0
31910,1213,3.0,2.5
31946,1580,3.0,4.0
31954,4226,3.0,4.0
31963,590,3.0,4.0
31970,2396,3.0,3.0
31993,1124,3.0,4.0
31999,3429,3.0,4.0
32001,4305,3.0,2.0
32003,1923,3.0,5.0
32041,1240,3.0,3.0
32046,8453,3.0,3.5
32048,3981,3.0,2.0
32061,474,3.0,3.0
32086,1230,3.0,5.0
32104,1197,4.0,3.0
32111,2427,3.0,3.0
32111,2693,3.0,3.0
32112,1245,3.0,4.0
32125,3081,3.0,4.0
32145,1022,3.0,4.0
32152,1278,3.0,3.0
32182,2424,3.0,3.0
32189,4105,3.0,3.5
32202,1912,3.0,4.0
32222,1203,3.0,5.0
32228,920,3.0,3.5
32232,1250,3.0,5.0
32249,312,3.0,2.0
32267,4338,3.0,4.5
32274,150,3.0,4.0
32275,349,3.0,3.0
32283,594,3.0,4.5
32287,1020,3.0,2.0
32295,339,3.0,4.0
32314,1517,3.0,5.0
32362,2858,3.0,5.0
32375,3969,3.0,3.0
32380,2416,3.0,1.0
32381,1711,3.0,2.5
32384,2065,3.0,4.0
32392,1073,3.0,4.0
32393,371,3.0,3.0
32409,2144,3.0,4.0
32411,4979,3.0,3.0
32462,3359,3.0,3.0
32496,778,3.0,0.5
32501,2411,3.0,3.5
32515,910,3.0,4.0
32544,380,3.0,2.5
32545,2860,3.0,3.0
32586,798,3.0,1.0
32587,1956,3.0,3.0
32615,376,3.0,3.0
32623,235,3.0,3.0
32631,141,3.0,3.0
32684,235,3.0,5.0
32688,1036,3.0,4.0
32720,4474,3.0,4.0
32755,2000,3.0,4.0
32757,833,3.0,4.0
32796,1125,3.0,3.0
32818,227,3.0,4.0
32838,918,3.0,3.0
32852,51575,3.0,3.0
32856,1674,3.0,4.0
32862,36,3.0,4.0
32869,1912,3.0,3.0
32909,344,3.0,4.0
32938,3508,3.0,5.0
33014,161,3.0,3.0
33028,553,3.0,3.0
33046,1004,3.0,3.0
33056,1690,3.0,4.0
33056,8784,3.0,2.5
33064,2755,3.0,2.0
33070,1617,3.0,5.0
33086,1342,3.0,3.0
33103,4226,3.0,4.5
33110,8784,3.0,4.0
33146,1258,3.0,4.5
33148,1704,3.0,4.0
33153,234,3.0,1.0
33197,442,3.0,2.0
33201,1663,3.0,5.0
33210,2907,3.0,4.0
33217,3168,3.0,1.5
33239,5055,3.0,3.0
33243,1674,1.0,4.0
33269,163,3.0,2.0
33270,898,3.0,5.0
33277,4226,3.0,4.5
33291,163,3.0,1.0
33350,2571,3.0,2.5
33356,474,3.0,4.0
33384,8768,3.0,2.5
33386,590,3.0,3.0
33389,2096,3.0,4.0
33395,4161,3.0,3.0
33399,2297,3.0,1.5
33399,3099,3.0,4.5
33399,8784,3.0,2.5
33441,292,3.0,3.0
33456,4878,3.0,4.0
33473,456,3.0,4.0
33476,1544,3.0,2.5
33477,480,3.0,2.0
33477,32022,3.0,1.0
33500,2450,3.0,3.0
33504,3552,3.0,5.0
33515,2058,3.0,4.0
33521,2539,3.0,3.0
33521,30825,3.0,3.5
33556,1257,3.0,4.0
33556,7099,3.0,3.5
33558,16,3.0,4.5
33577,4246,3.0,4.0
33579,1923,3.0,4.5
33588,95,3.0,4.0
33590,367,3.0,4.0
33601,1704,3.0,5.0
33619,19,3.0,3.0
33636,1199,3.0,4.0
33669,595,3.0,4.0
33729,50,3.0,4.0
33777,256,3.0,2.0
33784,1200,3.0,5.0
33787,252,3.0,4.0
33857,27,3.0,3.0
33878,3265,3.0,4.0
33883,2731,3.0,5.0
33884,608,3.0,5.0
33886,5,3.0,3.0
33892,349,3.0,4.0
33908,2918,3.0,4.0
33922,457,3.0,5.0
33952,1385,3.0,3.0
33959,223,3.0,4.0
33972,39,3.0,2.0
33986,1991,3.0,3.0
33992,745,3.0,4.0
33999,300,3.0,3.0
34007,474,3.0,4.5
34022,180,3.0,3.0
34059,45447,3.0,4.0
34081,57669,3.0,4.0
34098,1379,3.0,3.0
34098,2084,3.0,3.0
34114,318,3.0,3.0
34117,2706,3.0,4.0
34156,1028,3.0,5.0
34173,168,3.0,3.0
34178,6753,3.0,4.5
34202,356,3.0,4.5
34202,733,3.0,4.0
34202,5952,3.0,4.5
34225,3635,3.0,3.0
34234,1274,3.0,4.0
34248,30812,3.0,3.0
34329,1095,3.0,4.0
34338,3897,3.0,5.0
34349,1198,3.0,3.5
34354,535,3.0,3.0
34354,785,3.0,1.0
34354,1200,3.0,5.0
34356,380,3.0,3.5
34366,4322,3.0,2.0
34384,1994,3.0,3.5
34393,969,3.0,4.0
34401,6333,3.0,4.0
34407,2043,3.0,3.0
34407,2107,3.0,4.0
34409,344,3.0,1.5
34434,1219,3.0,4.0
34448,919,3.0,2.0
34465,869,3.0,3.0
34495,912,3.0,5.0
34499,208,3.0,4.0
34526,1073,3.0,3.0
34528,551,3.0,4.5
34562,994,3.0,5.0
34564,339,3.0,3.0
34564,4014,3.0,5.0
34567,2027,3.0,3.0
34598,4993,3.0,5.0
34611,1061,3.0,3.0
34613,1222,3.0,5.0
34623,2108,3.0,5.0
34642,58,3.0,5.0
34666,4571,3.0,4.0
34666,4876,3.0,2.5
34666,7569,3.0,3.5
34671,2672,3.0,2.0
34674,541,3.0,5.0
34680,3978,3.0,2.5
34703,2353,3.0,4.0
34722,2396,3.0,5.0
34729,802,3.0,3.0
34735,1552,3.0,4.0
34738,3196,3.0,5.0
34747,153,3.0,4.0
34763,412,3.0,3.0
34769,2125,3.0,4.0
34770,152,3.0,4.0
34775,971,3.0,3.0
34781,1499,3.0,4.0
34833,1367,3.0,4.0
34857,1104,3.0,4.5
34902,592,3.0,3.0
34904,5187,3.0,4.0
34912,47,3.0,3.5
34914,480,3.0,5.0
34944,39,3.0,3.0
34955,948,3.0,4.0
34986,58,3.0,5.0
34995,4993,3.0,5.0
35013,1080,3.0,4.0
35055,6620,3.0,4.0
35073,480,3.0,3.0
35092,1210,3.0,5.0
35100,7933,3.0,3.5
35120,2161,3.0,4.0
35129,1036,3.0,3.5
35143,1960,3.0,4.0
35157,5945,3.0,2.5
35168,4896,3.0,3.0
35170,356,3.0,3.0
35186,908,3.0,4.0
35208,1372,3.0,4.0
35219,1204,3.0,4.0
35219,4874,3.0,3.5
35244,3793,3.0,3.0
35262,492,3.0,4.0
35274,4025,3.0,4.0
35284,4310,3.0,3.5
35305,589,3.0,4.0
35319,830,3.0,3.5
35321,3552,3.0,4.0
35357,165,3.0,3.0
35361,356,3.0,5.0
35394,1587,3.0,3.0
35394,3044,3.0,4.0
35402,8340,3.0,4.0
35403,6764,3.0,3.5
35411,2304,3.0,2.5
35465,207,3.0,1.0
35467,593,3.0,5.0
35467,4002,3.0,3.0
35476,2551,3.0,3.0
35485,1500,3.0,5.0
35487,5027,3.0,2.0
35512,2028,3.0,5.0
35517,198,3.0,2.0
35518,1196,3.0,5.0
35538,2916,3.0,3.0
35562,56367,3.0,4.0
35579,4865,3.0,3.5
35600,1552,3.0,2.5
35622,95,3.0,3.5
35622,3671,3.0,4.5
35633,858,3.0,5.0
35657,2504,3.0,2.0
35671,2028,3.0,3.5
35680,3168,3.0,5.0
35702,1954,3.0,5.0
35710,111,3.0,4.5
35725,760,3.0,3.0
35775,1884,3.0,5.0
35788,420,3.0,1.0
35798,1371,3.0,3.5
35816,454,3.0,2.0
35828,1729,3.0,4.0
35828,7781,3.0,3.5
35836,223,3.0,5.0
35839,235,3.0,3.0
35841,754,3.0,3.0
35846,1396,3.0,4.5
35859,2427,3.0,5.0
35883,1517,3.0,4.0
35883,2355,3.0,3.0
35891,3677,3.0,4.0
35899,1340,3.0,4.5
35905,1172,3.0,3.0
35905,2802,3.0,4.0
35906,1199,3.0,5.0
35908,804,3.0,4.0
35908,1183,3.0,4.0
35940,231,3.0,5.0
35957,1196,3.0,3.5
35957,3300,3.0,4.0
35960,455,3.0,2.0
35965,1089,3.0,2.0
35966,919,3.0,3.0
35969,1569,3.0,4.0
35973,778,3.0,4.0
36063,30707,3.0,4.5
36104,3535,3.0,2.0
36118,2028,3.0,5.0
36118,2687,3.0,4.0
36136,5445,3.0,3.5
36149,44191,3.0,3.5
36155,527,3.0,4.0
36157,780,3.0,5.0
36168,2294,3.0,3.0
36214,3308,3.0,3.0
36253,235,3.0,5.0
36261,5,3.0,3.0
36307,173,3.0,3.0
36323,4886,3.0,3.0
36345,2497,3.0,5.0
36364,553,3.0,5.0
36375,1806,3.0,4.0
36381,2572,3.0,3.0
36382,7286,3.0,4.0
36437,3060,3.0,5.0
36438,4635,3.0,1.0
36443,4993,3.0,3.0
36451,527,3.0,4.0
36459,3755,3.0,5.0
36462,231,3.0,2.0
36483,934,3.0,4.0
36511,21,3.0,3.0
36516,165,3.0,3.0
36518,2581,3.0,4.0
36518,4723,3.0,5.0
36518,7451,3.0,5.0
36525,550,3.0,4.0
36558,8809,3.0,3.0
36574,230,3.0,3.0
36585,4638,3.0,3.5
36586,2279,3.0,3.0
36598,256,3.0,3.0
36610,500,3.0,2.0
36611,6187,3.0,4.0
36619,1199,3.0,4.0
36625,349,3.0,3.0
36663,2291,3.0,2.5
36665,2081,3.0,3.0
36675,5410,3.0,4.0
36680,345,3.0,4.0
36706,1645,3.0,3.0
36719,8482,3.0,3.0
36728,1571,3.0,5.0
36741,456,3.0,4.0
36741,914,3.0,5.0
36761,1259,3.0,5.0
36771,3526,3.0,5.0
36788,1028,3.0,3.0
36809,364,3.0,3.0
36812,5630,3.0,3.5
36817,2683,3.0,3.0
36821,356,3.0,5.0
36837,2901,3.0,4.0
36840,180,3.0,4.0
36852,1333,3.0,5.0
36873,4178,3.0,4.5
36876,260,3.0,5.0
36876,917,3.0,3.0
36876,1136,3.0,4.0
36885,588,3.0,3.0
36913,5444,3.0,4.5
36937,2664,3.0,3.5
36968,2268,3.0,5.0
36975,349,3.0,3.0
36981,1333,3.0,5.0
37003,318,3.0,4.0
37012,1258,3.0,1.0
37014,480,3.0,3.5
37027,5420,3.0,3.0
37029,34048,3.0,3.0
37037,6659,3.0,4.5
37037,62970,3.0,2.5
37042,315,3.0,4.0
37042,4247,3.0,5.0
37045,236,3.0,3.0
37055,4993,3.0,5.0
37074,2105,3.0,1.0
37076,2700,3.0,4.0
37077,7293,3.0,3.5
37136,2367,3.0,1.0
37156,6333,3.0,4.5
37181,3708,3.0,4.0
37182,111,3.0,3.0
37217,2028,3.0,5.0
37222,1544,3.0,2.0
37224,44,3.0,1.5
37224,6259,3.0,3.5
37228,4226,3.0,4.5
37235,597,3.0,3.0
37315,708,3.0,0.5
37342,587,3.0,3.0
37343,223,3.0,4.5
37344,1264,3.0,4.0
37357,3258,3.0,4.0
37361,6764,3.0,2.5
37361,8961,3.0,4.0
37384,1270,3.0,4.0
37388,307,3.0,4.0
37392,4994,3.0,2.0
37419,39446,3.0,3.0
37442,2724,3.0,2.0
37447,2716,3.0,5.0
37470,3424,3.0,4.0
37493,153,3.0,3.0
37574,7802,3.0,3.5
37581,1148,3.0,5.0
37594,6890,3.0,2.0
37644,1036,3.0,4.0
37674,377,3.0,4.5
37677,329,3.0,2.0
37686,2793,3.0,2.0
37689,27772,3.0,1.5
37708,271,3.0,3.5
37736,361,3.0,2.0
37741,592,3.0,3.0
37756,8644,3.0,4.5
37761,1967,3.0,4.5
37811,736,3.0,2.5
37827,541,3.0,3.0
37837,1947,3.0,5.0
37857,3565,3.0,3.5
37868,252,3.0,1.0
37870,587,3.0,5.0
37886,1784,3.0,4.0
37887,235,3.0,4.0
37923,4966,3.0,4.0
37932,590,3.0,1.0
37934,235,3.0,4.0
37945,515,3.0,4.0
37950,111,3.0,4.0
37978,1,3.0,5.0
37983,300,3.0,3.0
38001,1358,3.0,2.0
38003,2104,3.0,4.0
38011,551,3.0,4.0
38020,3479,3.0,4.0
38024,552,3.0,5.0
38025,2877,3.0,4.0
38036,1208,3.0,4.0
38050,8369,3.0,3.0
38082,5,3.0,5.0
38086,1690,3.0,2.0
38087,509,3.0,5.0
38097,2006,3.0,3.0
38097,3271,3.0,3.0
38097,5669,3.0,3.0
38122,362,3.0,3.0
38136,3911,3.0,4.0
38147,733,3.0,4.0
38183,7701,3.0,1.0
38194,3359,3.0,4.0
38194,8690,3.0,4.5
38246,349,3.0,5.0
38246,924,3.0,5.0
38261,6620,3.0,4.0
38265,778,3.0,4.0
38283,1643,3.0,4.0
38312,3114,3.0,4.0
38322,1977,3.0,3.0
38322,4142,3.0,0.5
38324,380,3.0,4.0
38348,3176,3.0,4.0
38359,1690,3.0,5.0
38388,2902,3.0,5.0
38434,266,3.0,5.0
38471,1608,3.0,4.0
38472,5308,3.0,3.5
38480,8721,3.0,2.5
38496,2985,3.0,3.5
38505,818,3.0,4.0
38506,5214,3.0,4.0
38527,52668,3.0,2.5
38559,3479,3.0,4.0
38584,282,3.0,3.0
38616,4132,3.0,2.5
38618,231,3.0,1.0
38618,597,3.0,4.0
38662,1187,3.0,3.5
38668,24,3.0,3.0
38671,1970,3.0,2.5
38700,1569,3.0,3.0
38714,2918,3.5,4.0
38718,1994,3.0,2.0
38726,36525,3.0,4.0
38733,509,3.0,4.0
38754,1721,3.0,2.0
38755,7153,3.0,4.5
38766,266,3.0,4.0
38771,589,3.0,3.0
38772,1801,3.0,4.0
38776,3210,3.0,4.0
38795,3409,3.0,3.0
38799,147,3.0,4.0
38802,196,3.0,2.0
38812,1707,3.0,1.0
38821,849,3.0,2.0
38828,110,3.0,4.0
38833,899,3.0,4.0
38841,266,3.0,2.0
38861,913,3.0,5.0
38938,1246,3.0,5.0
38938,1777,3.0,5.0
38966,368,3.0,4.0
38978,2872,3.0,2.5
38979,412,3.0,3.0
38979,780,3.0,3.0
38985,1247,3.0,3.0
39010,5,3.0,3.0
39016,3755,3.0,3.5
39022,236,3.0,1.5
39039,1057,3.0,3.0
39065,5989,3.0,2.0
39103,4686,3.0,0.5
39141,595,3.0,3.0
39153,3945,3.0,1.0
39156,4027,3.0,4.5
39163,1148,3.0,5.0
39173,2194,3.0,3.0
39177,60037,3.0,2.0
39184,1073,3.0,4.0
39184,5445,3.0,3.5
39194,260,3.0,4.0
39199,594,3.0,4.0
39214,2683,3.0,5.0
39226,34,3.0,3.0
39262,5349,3.0,4.0
39272,4085,3.0,4.0
39294,5810,3.0,2.0
39339,761,3.0,2.0
39340,1932,3.0,3.0
39344,529,3.0,4.0
39357,1016,3.0,3.0
39359,7386,3.0,3.0
39362,7263,3.0,4.5
39366,1304,3.0,5.0
39441,2762,3.0,4.0
39501,2118,3.0,3.5
39506,427,3.0,1.0
39514,5989,3.0,5.0
39565,1485,3.0,5.0
39579,1676,3.0,3.0
39599,1961,3.0,4.0
39600,25,3.0,4.0
39608,2,3.0,3.5
39619,1223,3.0,4.0
39619,3949,3.0,5.0
39634,2471,3.0,2.0
39647,260,3.0,5.0
39647,1747,3.0,3.0
39659,191,3.0,2.0
39670,2660,3.0,4.0
39677,3967,3.0,3.5
39689,5047,3.0,0.5
39689,6957,3.0,3.5
39694,805,3.0,3.5
39706,2243,3.0,4.0
39735,1221,3.0,3.0
39742,2836,3.0,1.0
39744,996,3.0,2.0
39770,2987,3.0,4.0
39776,471,3.0,4.0
39782,287,3.0,3.0
39855,2716,3.0,4.0
39877,1321,3.0,5.0
39884,442,3.0,4.0
39893,441,3.0,3.0
39893,999,3.0,4.0
39893,2003,3.0,3.0
39896,1727,3.0,2.0
39899,27790,3.0,3.0
39912,3159,3.0,3.0
39917,6367,3.0,3.5
39934,830,3.0,4.0
39939,45186,3.0,0.5
39944,648,3.0,3.5
39954,2881,3.0,4.0
39973,4321,3.0,3.5
40003,344,3.0,4.0
40041,3113,3.0,3.0
40084,5584,3.0,1.0
40085,3408,3.0,3.0
40098,1282,3.0,3.0
40106,5810,3.0,1.0
40191,8873,3.0,4.0
40196,1610,3.0,3.0
40203,334,3.0,3.0
40234,1527,3.0,5.0
40263,5349,3.0,4.0
40286,260,3.0,5.0
40335,104,3.0,3.0
40337,1088,2.6519438983352237,1.0
40338,2081,3.0,5.0
40375,382,3.0,2.5
40380,1475,3.0,3.0
40437,1387,3.0,4.0
40456,780,3.0,4.0
40456,3979,3.0,3.5
40456,5015,3.0,3.0
40481,376,3.0,3.0
40504,616,3.0,3.0
40524,235,3.0,5.0
40524,1807,3.0,2.5
40524,2563,3.0,3.0
40524,5452,3.0,1.0
40524,5630,3.0,3.0
40530,33493,3.0,2.5
40544,2915,3.0,4.0
40550,4159,3.0,4.0
40550,6754,3.0,4.5
40573,2094,3.0,1.0
40574,1097,3.0,4.0
40612,3996,3.0,2.0
40632,805,3.0,3.0
40651,4969,3.0,5.0
40658,7293,3.0,2.5
40664,19,3.0,1.0
40732,6493,3.0,3.0
40740,1971,3.0,2.0
40760,3052,3.0,3.0
40825,1035,3.0,4.0
40827,7162,3.0,5.0
40837,2384,3.0,4.0
40839,592,3.0,2.0
40868,3793,3.0,3.0
40897,2033,3.0,3.0
40908,1941,3.0,5.0
40941,370,3.0,3.0
40943,3256,3.0,2.5
40987,5309,3.0,3.0
41000,4280,3.0,4.0
41027,246,3.0,4.0
41027,47099,3.0,3.5
41050,2872,3.0,5.0
41084,875,3.0,2.5
41088,88,3.0,3.0
41143,33162,3.0,3.5
41149,1240,3.0,2.0
41150,9,3.0,3.0
41154,3066,3.0,4.0
41166,5064,3.0,4.5
41167,150,3.0,4.0
41187,206,3.0,4.0
41192,3176,3.0,4.0
41253,1687,3.0,2.0
41253,6323,3.0,2.0
41258,46723,3.0,2.5
41259,45081,3.0,4.0
41276,1189,3.0,4.0
41339,2926,3.0,4.0
41369,4963,3.0,4.0
41391,2402,3.0,3.0
41396,3156,3.0,1.5
41402,1396,3.0,4.0
41407,3255,3.0,3.0
41414,10,3.0,3.0
41434,440,3.0,4.0
41439,920,3.0,3.0
41440,36529,3.0,3.0
41456,316,3.0,3.0
41473,5218,3.0,3.0
41516,1407,3.0,4.0
41523,2956,3.0,1.0
41528,1271,3.0,2.5
41538,4143,3.0,2.0
41554,2961,3.0,1.0
41567,317,3.0,2.0
41577,551,3.0,3.0
41649,25,3.0,5.0
41687,2059,3.0,4.0
41701,589,3.0,4.0
41706,588,3.0,4.0
41727,2762,3.0,4.0
41792,7454,3.0,4.0
41842,4019,3.0,3.5
41842,4886,3.0,3.5
41862,507,3.0,4.0
41893,593,3.0,5.0
41894,5,3.0,0.5
41901,267,3.0,3.0
41926,1374,3.0,3.0
41939,6,3.0,4.0
41942,1474,3.0,1.0
41950,5993,3.0,3.0
41960,2143,3.0,5.0
41965,2541,3.0,3.5
41966,1089,3.0,1.5
42001,1196,3.0,4.0
42006,1215,3.0,5.0
42007,1923,3.0,3.5
42020,2496,3.0,4.0
42047,2959,3.0,4.5
42067,778,3.0,3.0
42081,2804,3.0,4.0
42090,58803,3.0,4.0
42096,1210,3.0,4.0
42104,440,3.0,3.0
42114,589,3.0,5.0
42133,3793,3.0,4.5
42176,2068,3.0,4.0
42195,2126,3.0,3.0
42214,780,3.0,4.0
42216,2437,3.0,4.0
42219,4963,3.0,4.0
42229,329,3.0,3.0
42236,1961,3.0,3.5
42236,49530,3.0,4.0
42242,34072,3.0,4.5
42249,2901,3.0,2.0
42265,193,3.0,0.5
42272,3424,3.0,3.5
42288,1267,3.0,5.0
42290,6874,3.0,2.0
42295,555,3.0,5.0
42311,858,3.0,3.0
42340,213,3.0,5.0
42349,2282,3.0,4.0
42364,318,3.0,5.0
42381,364,3.0,3.0
42390,1721,3.0,2.0
42422,2322,4.0,3.0
42467,4958,3.0,4.5
42490,2598,3.0,3.0
42492,589,3.0,5.0
42496,1129,3.0,2.0
42524,587,3.0,4.0
42527,3798,3.0,4.0
42546,1562,3.0,4.5
42623,3979,3.0,2.0
42627,5349,3.0,2.5
42628,3095,3.0,4.0
42644,2066,3.0,5.0
42644,2278,3.0,2.0
42648,7460,3.0,3.0
42664,45447,3.0,3.0
42689,2155,3.0,4.0
42696,153,3.0,3.0
42697,2115,3.0,3.0
42719,6338,3.0,4.0
42723,1476,3.0,4.0
42753,2858,3.0,4.5
42845,1967,3.0,5.0
42846,353,3.0,3.5
42870,1329,3.0,4.0
42888,3175,3.0,4.0
42900,6383,3.0,2.0
42978,466,3.0,4.5
42982,1260,3.0,4.0
42986,2085,3.0,2.0
43050,165,3.0,2.0
43092,1917,1.0,3.0
43109,2353,3.0,3.5
43109,2803,3.0,3.0
43109,5502,3.0,3.5
43143,1499,3.0,2.0
43151,474,3.0,3.0
43164,913,3.0,5.0
43166,1884,3.0,1.0
43174,5421,3.0,4.5
43186,2193,3.0,5.0
43195,431,3.0,4.0
43229,590,3.0,3.0
43234,849,3.0,3.0
43339,2414,3.0,4.0
43356,3287,3.0,3.0
43368,593,3.0,5.0
43382,3096,3.0,4.5
43408,3707,3.0,4.0
43413,1196,3.0,4.0
43413,1450,3.0,5.0
43414,54780,3.0,2.0
43418,1077,3.0,4.0
43429,300,3.0,4.5
43504,1208,3.0,4.0
43511,231,3.0,3.0
43515,1252,3.0,4.0
43530,1085,3.0,5.0
43530,1944,3.0,4.0
43545,3444,3.0,5.0
43546,1196,3.0,5.0
43547,3697,3.0,2.0
43561,6695,3.0,1.5
43562,5608,3.0,1.5
43562,6711,3.0,2.0
43572,1,3.0,3.0
43591,2160,3.0,2.0
43604,2804,3.0,4.0
43604,3948,3.0,5.0
43612,1061,3.0,4.0
43650,736,3.0,4.0
43664,282,3.0,5.0
43682,1639,3.0,3.0
43731,41527,3.0,5.0
43752,2248,3.0,3.0
43781,540,3.0,5.0
43802,1295,3.0,3.0
43833,383,3.0,4.0
43837,2728,3.0,3.0
43879,3698,3.0,3.0
43896,2701,3.0,2.0
43896,2763,3.0,4.0
43926,1393,3.0,4.0
43931,2273,3.0,3.5
43945,616,3.0,3.5
43954,442,3.0,3.0
43956,367,3.0,4.0
43967,587,3.0,5.0
43968,329,3.0,3.0
43969,3527,3.0,3.0
43980,596,3.0,5.0
43991,6794,3.0,2.5
43992,2485,3.0,3.0
43992,3699,3.0,3.0
43992,5505,3.0,1.5
43993,6156,3.0,2.0
44002,543,3.0,4.0
44014,1278,3.0,4.0
44024,595,3.0,3.0
44027,2355,3.0,4.0
44041,1617,3.0,4.0
44068,595,3.0,4.0
44071,2176,3.0,4.0
44088,1784,3.0,4.0
44117,3273,3.0,2.0
44117,25825,3.0,4.0
44121,4306,3.0,4.0
44122,2353,3.0,4.0
44148,1653,3.0,5.0
44159,318,3.0,5.0
44167,3994,3.0,3.0
44177,991,3.0,2.0
44187,588,3.0,4.0
44200,2598,3.0,2.5
44223,1097,3.0,3.0
44234,5377,3.0,3.0
44277,1252,3.0,5.0
44290,361,3.0,3.0
44351,349,3.0,3.0
44361,1042,3.0,4.5
44363,1676,3.0,4.0
44371,225,3.0,3.0
44382,685,3.0,3.0
44411,2840,3.0,3.0
44430,1449,3.0,3.5
44458,6025,3.0,3.5
44484,8528,3.0,3.5
44485,780,3.0,2.0
44485,3362,3.0,4.5
44491,168,3.0,2.5
44503,366,3.0,3.0
44516,432,3.0,3.0
44523,380,3.0,3.5
44523,4085,3.0,4.0
44527,778,3.0,4.0
44530,589,3.0,3.0
44536,500,3.0,4.0
44536,3512,3.0,3.0
44536,5449,3.0,4.0
44541,805,3.0,5.0
44542,356,3.0,5.0
44558,6242,3.0,3.5
44576,3826,3.0,2.0
44576,6951,3.0,2.5
44579,224,3.0,3.0
44614,1704,3.0,5.0
44614,2000,3.0,4.0
44621,277,3.0,5.0
44631,6952,3.0,3.0
44636,2571,3.0,4.0
44643,38798,3.0,4.0
44647,2186,3.0,4.0
44659,55820,3.0,4.5
44661,111,3.0,5.0
44681,588,3.0,3.0
44698,58,3.0,3.0
44712,3608,3.0,4.0
44713,353,3.0,4.5
44719,198,3.0,4.0
44736,30749,3.0,3.5
44741,2502,3.0,4.0
44748,1250,3.0,4.0
44795,186,3.0,3.5
44797,1527,3.0,4.0
44807,7173,3.0,4.0
44847,1358,3.0,4.0
44852,1246,3.0,5.0
44875,552,3.0,3.5
44885,1179,3.0,4.0
44939,5218,3.0,3.5
44950,1177,3.0,5.0
44966,1196,4.0,4.0
44966,2334,3.0,4.0
44983,2919,3.0,5.0
44989,5572,3.0,4.0
44993,2463,3.0,1.5
44993,4878,3.0,5.0
45018,246,3.0,3.0
45024,2612,3.0,4.0
45025,3629,3.0,3.5
45045,2272,3.0,2.0
45070,1028,3.0,2.5
45089,497,3.0,5.0
45101,3100,3.0,3.0
45103,828,3.0,2.0
45116,1444,3.0,3.0
45131,17,3.0,4.0
45147,454,3.0,3.0
45172,3476,3.0,1.0
45174,165,3.0,4.0
45182,480,3.0,3.0
45195,2455,5.0,4.0
45232,6618,3.0,3.0
45238,316,3.0,3.0
45243,292,3.0,3.0
45253,1238,3.0,4.0
45254,145,3.0,4.0
45257,3174,3.0,3.0
45287,207,3.0,4.0
45290,49284,3.0,3.5
45344,4720,3.0,2.5
45350,5952,3.0,3.0
45373,1376,3.0,4.0
45377,95,3.0,4.0
45383,4995,3.0,4.5
45388,670,3.0,5.0
45401,6157,3.0,2.0
45436,2575,3.0,5.0
45443,165,3.0,3.5
45475,261,3.0,5.0
45487,1036,3.0,4.0
45565,207,3.0,5.0
45599,52,3.0,5.0
45620,858,3.0,3.0
45622,1245,3.0,4.0
45634,434,3.0,3.0
45634,5529,3.0,3.0
45664,3361,3.0,3.5
45687,543,3.0,3.0
45713,2501,3.0,4.0
45718,524,3.0,3.0
45753,3724,3.0,3.5
45788,196,3.0,3.0
45811,609,3.0,2.0
45829,3548,3.0,4.0
45836,480,3.0,3.5
45883,2421,3.0,3.0
45940,1,3.0,4.0
45974,17,3.0,4.0
45983,922,3.0,3.0
45987,502,3.0,2.5
45989,1080,3.0,5.0
46006,364,3.0,4.0
46024,2081,3.0,2.5
46056,2371,3.0,3.0
46068,543,3.0,3.0
46068,43869,3.0,2.5
46069,4437,3.0,4.0
46076,1390,3.0,3.0
46096,3724,3.0,3.0
46097,5952,3.0,4.5
46125,780,3.0,2.5
46129,2043,3.0,4.0
46136,283,3.0,1.0
46161,1968,3.0,5.0
46166,7036,3.0,2.5
46200,6863,3.0,5.0
46258,50,3.0,4.0
46271,2617,3.0,2.0
46273,5,3.0,3.0
46275,2819,3.0,5.0
46287,1960,3.0,4.0
46291,40412,3.0,4.0
46308,36,3.0,3.0
46319,934,3.0,4.0
46392,111,3.0,2.0
46413,3576,3.0,3.5
46415,3078,3.0,4.0
46422,2424,3.0,1.0
46430,3753,3.0,4.0
46441,4020,3.0,4.0
46479,1279,3.0,4.0
46492,296,3.0,3.0
46494,593,3.0,3.0
46505,1234,3.0,4.5
46510,21,3.0,3.0
46523,4993,3.0,4.5
46543,2396,3.0,5.0
46559,19,3.0,3.0
46564,1918,3.0,4.5
46585,1028,3.0,2.5
46585,4357,3.0,3.0
46606,440,3.0,4.0
46607,2076,3.0,3.0
46614,440,3.0,1.0
46625,788,3.0,2.0
46643,587,3.0,3.0
46648,1370,3.0,3.0
46656,2289,3.0,3.0
46656,3267,3.0,5.0
46656,60760,3.0,2.5
46684,1617,3.0,5.0
46689,1214,3.0,4.0
46694,3175,3.0,3.5
46695,165,3.0,3.5
46714,2890,3.0,4.0
46729,2640,3.0,3.0
46733,1952,3.0,4.5
46737,52722,3.0,1.5
46748,1372,3.0,3.5
46749,6874,3.0,4.0
46752,2431,3.0,2.0
46753,261,3.0,4.0
46753,1997,3.0,4.0
46754,802,3.0,2.0
46786,1193,3.0,3.5
46792,780,3.0,3.5
46796,1279,3.0,4.0
46806,5618,3.0,2.5
46827,585,3.0,2.0
46829,3196,3.0,4.0
46843,1084,3.0,5.0
46856,7003,3.0,3.0
46868,1282,3.0,2.0
46914,1957,3.0,4.0
46928,2278,3.0,3.0
46944,1432,3.0,4.0
46956,1214,3.0,5.0
46967,3527,3.0,2.5
46989,3471,3.0,4.0
47007,296,3.0,3.0
47030,441,3.0,3.0
47031,2141,3.0,5.0
47039,1704,3.0,4.0
47046,3273,3.0,3.0
47046,4345,3.0,3.5
47062,2599,3.0,2.0
47069,4867,3.0,3.5
47069,4890,3.0,3.0
47098,317,3.0,3.0
47113,1208,3.0,4.5
47119,6214,3.0,5.0
47138,780,3.0,3.5
47161,7076,3.0,4.0
47166,1721,3.0,4.0
47168,589,3.0,4.0
47193,1222,3.0,5.0
47213,3528,3.0,1.0
47214,2770,3.0,3.5
47249,5266,3.0,2.5
47268,2405,3.0,2.5
47271,1079,3.0,4.0
47298,249,3.0,4.0
47321,4721,3.0,1.0
47324,708,3.0,5.0
47345,2822,3.0,2.5
47360,778,3.0,4.5
47386,2858,3.0,4.0
47408,3624,3.0,2.5
47431,858,3.0,5.0
47438,317,3.0,2.5
47438,986,3.0,2.0
47448,2114,3.0,3.5
47456,1729,3.0,3.0
47457,376,3.0,3.0
47513,1186,3.0,3.5
47522,588,3.0,3.0
47553,2667,3.0,3.0
47608,1432,3.0,2.0
47671,3256,3.0,5.0
47676,2445,3.0,2.0
47689,2662,3.0,4.0
47691,173,3.0,2.0
47691,3812,3.0,4.0
47732,345,3.0,5.0
47793,497,3.0,3.0
47794,2451,3.0,2.0
47799,574,3.0,4.0
47800,356,3.0,3.5
47819,4166,3.0,3.0
47829,1396,3.0,4.0
47841,3704,3.0,4.0
47853,3105,3.0,5.0
47857,590,3.0,3.0
47870,1225,3.0,4.0
47891,1674,3.0,3.5
47905,2611,3.0,4.0
47932,1884,3.0,1.0
47932,2085,3.0,4.0
47934,948,3.0,4.0
47942,1804,3.0,4.0
47946,208,3.0,2.0
47998,349,3.0,4.0
48031,1127,3.0,2.5
48031,2686,3.0,4.0
48031,8781,3.0,4.0
48038,4788,3.0,5.0
48045,2985,3.0,3.0
48068,8019,3.0,5.0
48080,492,3.0,2.5
48085,1240,3.0,3.0
48095,204,3.0,2.0
48097,3111,3.0,3.0
48111,784,3.0,1.0
48133,410,3.0,4.0
48143,141,3.0,4.0
48158,1228,3.0,5.0
48158,2496,3.0,2.0
48159,457,3.0,3.0
48187,2757,3.0,4.0
48211,1173,3.0,4.0
48215,4306,3.0,3.0
48217,3534,3.0,3.0
48223,590,3.0,3.0
48224,852,3.0,3.0
48225,589,3.0,2.0
48233,4299,3.0,2.0
48269,163,3.0,3.0
48308,416,3.0,2.0
48328,31225,3.0,5.0
48331,2106,3.0,4.0
48331,2376,3.0,4.0
48400,3052,3.0,4.0
48438,1206,3.0,5.0
48439,1148,3.0,5.0
48493,32,3.0,3.0
48512,736,3.0,4.5
48517,596,3.0,3.0
48538,150,3.0,3.5
48539,1270,3.0,4.0
48546,2278,3.0,3.0
48546,3039,3.0,3.0
48575,2997,3.0,5.0
48631,186,3.0,4.0
48637,33162,3.0,4.0
48661,4344,3.0,4.0
48662,736,3.0,1.0
48662,2469,3.0,4.0
48663,45,3.0,3.0
48663,1093,3.0,3.5
48667,4487,3.0,4.0
48670,6711,3.0,3.5
48682,2997,3.0,3.0
48700,2961,3.0,4.0
48709,5107,3.0,3.0
48712,441,3.0,4.0
48726,2710,3.0,5.0
48732,6440,3.0,4.0
48747,4878,3.0,4.0
48772,595,3.0,5.0
48786,48738,3.0,3.5
48812,1584,3.0,5.0
48843,43869,3.0,4.0
48854,4571,3.0,3.5
48857,1080,3.0,4.0
48876,1240,3.0,3.0
48877,5219,3.0,3.0
48901,1028,3.0,3.0
48914,2300,3.0,4.0
48919,6534,3.0,3.5
48963,27773,3.0,4.0
48984,329,3.0,3.0
48990,327,3.0,1.0
48990,1544,3.0,3.0
48996,3698,3.0,2.0
49008,296,3.0,1.0
49032,26770,3.0,2.5
49086,1373,3.0,2.0
49103,153,3.0,3.0
49106,541,3.0,5.0
49106,800,3.0,3.0
49109,364,3.0,4.0
49109,2941,3.0,2.5
49109,4975,3.0,3.5
49117,2706,3.0,3.0
49124,2297,3.0,4.0
49127,4545,3.0,2.0
49132,1049,3.0,2.0
49132,1201,3.0,5.0
49138,1230,3.0,5.0
49155,317,3.0,3.0
49171,5010,3.0,1.0
49177,1784,3.0,4.0
49183,3504,3.0,4.0
49186,2167,3.0,3.5
49240,234,3.0,3.0
49247,3868,3.0,4.0
49250,4995,3.0,4.0
49267,34,3.0,3.0
49269,3081,3.0,4.0
49270,2710,3.0,2.0
49304,4184,3.0,4.0
49306,2947,3.0,3.0
49316,426,3.0,3.0
49376,2174,3.0,4.0
49384,3210,3.0,4.0
49387,592,3.0,1.0
49411,3039,3.0,3.5
49417,3793,3.0,2.0
49446,1222,3.0,4.5
49447,1909,3.0,4.0
49507,589,3.0,5.0
49519,1073,3.0,4.0
49527,4821,3.0,3.5
49528,1375,3.0,3.0
49531,4994,3.0,2.0
49576,5673,3.0,3.0
49587,474,3.0,4.0
49592,379,3.0,2.0
49611,2054,3.0,2.5
49619,296,3.0,5.0
49620,2761,3.0,4.0
49621,2064,3.0,3.0
49656,2997,3.0,4.0
49695,2871,3.0,4.0
49727,3752,3.0,4.0
49739,2822,3.0,3.0
49746,2076,3.0,2.0
49747,293,3.0,3.0
49755,581,3.0,4.0
49756,1265,3.0,4.5
49763,531,3.0,5.0
49809,593,3.0,5.0
49811,6625,3.0,4.0
49829,4815,3.0,4.0
49847,471,3.0,2.0
49870,1299,3.0,5.0
49873,1173,3.0,4.0
49875,185,3.0,4.0
49879,1269,3.0,4.0
49886,122,3.0,2.0
49894,595,3.0,3.0
49900,1090,3.0,4.0
49900,1580,3.0,2.0
49955,7215,3.0,4.5
49961,1270,3.0,5.0
49961,3826,3.0,2.0
49978,3730,3.0,5.0
49979,27851,3.0,3.0
49987,1240,3.0,4.0
49990,4686,3.0,3.0
50008,1526,3.0,3.0
50019,111,3.0,4.0
50033,3217,3.0,3.0
50035,53993,3.0,4.5
50048,4973,3.0,0.5
50068,372,3.0,1.5
50078,307,3.0,3.0
50114,282,3.0,2.0
50138,2798,3.0,3.0
50139,2791,3.0,5.0
50139,6016,3.0,5.0
50145,48394,3.0,5.0
50149,2248,3.0,5.0
50150,551,3.0,3.5
50160,2938,3.0,3.0
50167,3243,3.0,2.0
50188,1233,3.0,5.0
50197,1028,3.0,3.0
50200,282,3.0,2.0
50203,4091,3.0,4.0
50205,3977,3.0,3.5
50207,670,3.0,5.0
50212,1732,3.0,4.0
50224,2797,3.0,3.5
50235,2683,3.0,1.5
50245,750,3.0,5.0
50281,597,3.0,3.0
50289,6440,3.0,4.5
50290,356,3.0,5.0
50312,1242,3.0,5.0
50324,919,3.0,3.0
50349,5952,3.0,4.5
50358,3052,3.0,5.0
50364,5404,3.0,3.0
50368,1339,3.0,3.0
50368,2976,3.0,3.0
50369,1256,3.0,5.0
50383,1060,3.0,3.5
50386,410,3.0,3.0
50413,208,3.0,1.0
50415,908,3.0,4.0
50424,3104,3.0,3.0
50437,353,3.0,5.0
50451,2858,3.0,4.0
50486,539,3.0,5.0
50490,1687,3.0,3.0
50490,4042,3.0,3.0
50497,2405,3.0,4.0
50506,265,3.0,3.0
50509,7842,3.0,5.0
50515,1270,3.0,5.0
50524,5312,3.0,3.5
50528,135,3.0,2.0
50532,6807,3.0,4.5
50561,986,3.0,5.0
50605,2628,3.0,4.0
50632,5377,3.0,4.5
50633,933,3.0,3.5
50644,318,3.0,4.0
50645,2699,3.0,4.0
50657,647,3.0,3.0
50684,29,3.0,4.0
50741,1183,3.0,5.0
50743,366,3.0,2.0
50756,1199,3.0,4.0
50763,1730,3.0,4.0
50771,1214,3.0,5.0
50779,2841,3.0,4.0
50802,4033,3.0,1.0
50804,1391,3.0,2.0
50808,1265,3.0,5.0
50811,650,3.0,3.0
50830,1584,3.0,2.0
50840,4890,3.0,4.5
50843,234,3.0,3.0
50846,2701,3.0,3.0
50863,788,3.0,5.0
50879,593,3.0,4.0
50889,5507,3.0,3.0
50889,48516,3.0,4.5
50899,3219,3.0,2.0
50901,2231,3.0,4.0
50920,922,3.0,5.0
50925,62,3.0,4.0
50933,25,3.0,3.0
50949,1641,3.0,4.0
50950,70,3.0,2.0
51010,733,3.0,4.0
51023,1206,3.0,5.0
51033,5358,3.0,3.0
51063,2889,3.0,4.0
51071,1009,3.0,4.0
51085,6,3.0,3.0
51093,1270,3.0,4.0
51099,367,3.0,4.0
51140,6377,3.0,4.0
51206,2208,3.0,3.0
51213,3977,3.0,0.5
51222,2694,3.0,2.0
51229,1214,3.0,5.0
51237,926,3.0,4.0
51244,2829,3.0,3.0
51257,52967,3.0,3.0
51283,8665,3.0,5.0
51284,30825,3.0,4.0
51296,2580,3.0,3.5
51311,2716,3.0,4.0
51330,356,3.0,4.0
51336,37729,3.0,4.0
51337,7063,3.0,3.0
51351,2987,3.0,4.0
51373,466,3.0,4.0
51411,919,3.0,4.0
51411,1639,3.0,4.0
51413,4012,3.0,1.5
51415,8695,3.0,3.5
51424,4308,3.0,5.0
51434,608,3.0,5.0
51497,1278,3.0,4.0
51512,1264,3.0,4.0
51517,2459,3.0,3.0
51522,38038,3.0,3.0
51565,802,3.0,3.0
51578,858,3.0,0.5
51616,7143,3.0,2.0
51624,1029,3.0,5.0
51624,1941,3.0,3.0
51624,5485,3.0,1.0
51641,6016,3.0,3.0
51644,2128,3.0,3.0
51658,2997,3.0,5.0
51660,1210,3.0,5.0
51672,497,3.0,4.0
51672,802,3.0,3.0
51673,281,3.0,4.0
51673,348,3.0,3.0
51677,1961,3.0,4.0
51683,277,3.0,5.0
51701,2321,3.0,4.5
51718,59615,3.0,3.0
51733,3255,3.0,3.0
51747,344,3.0,5.0
51766,2428,3.0,4.0
51771,4734,3.0,5.0
51785,435,3.0,3.0
51795,2710,3.0,1.0
51813,2450,3.0,3.0
51813,37475,3.0,3.5
51813,46972,3.0,4.0
51818,1408,3.0,5.0
51821,3203,3.0,4.0
51824,457,3.0,4.0
51833,1376,3.0,2.0
51902,170,3.0,2.5
51909,733,3.0,3.0
51959,593,3.0,5.0
51968,54272,3.0,3.0
51972,260,3.0,3.5
52004,3422,3.0,3.0
52004,5940,3.0,4.0
52042,1976,3.0,1.0
52086,4306,3.0,3.5
52095,49772,3.0,2.0
52104,543,3.0,3.5
52108,27773,3.0,4.5
52124,3484,3.0,2.0
52137,6787,3.0,4.5
52146,2154,3.0,3.0
52146,4085,3.0,3.5
52170,553,3.0,4.0
52216,4002,3.0,4.5
52238,1931,3.0,4.0
52241,39,3.0,3.0
52242,2470,3.0,3.0
52245,2442,3.0,5.0
52248,1307,3.0,4.0
52268,8368,3.0,3.0
52280,163,3.0,2.0
52285,1573,3.0,4.0
52308,2975,3.0,3.0
52313,365,3.0,4.0
52325,588,3.0,4.0
52328,3396,3.0,4.0
52334,3660,3.0,1.5
52356,1017,3.0,4.0
52402,277,3.0,5.0
52409,3529,3.0,3.0
52429,254,3.0,2.0
52429,3505,3.0,3.0
52430,1597,3.0,2.0
52447,2959,3.0,4.0
52469,2355,3.0,2.5
52488,253,3.0,3.0
52547,1125,3.0,4.0
52557,7360,3.0,2.0
52576,1356,3.0,3.5
52592,94,3.0,3.0
52601,237,3.0,3.0
52620,173,3.0,2.0
52631,1968,3.0,5.0
52644,3005,3.0,2.5
52648,38061,3.0,5.0
52657,6,3.0,5.0
52658,8957,3.0,0.5
52703,253,3.0,3.0
52706,4215,3.0,1.0
52708,3000,3.0,3.0
52718,3918,3.0,3.0
52719,1944,3.0,3.0
52722,2683,3.0,2.0
52733,3755,3.0,4.0
52761,3949,3.0,4.0
52762,5218,3.0,4.5
52766,3030,3.0,5.0
52798,36,3.0,3.0
52802,2732,3.0,4.0
52830,5283,3.0,3.5
52839,1590,3.0,1.0
52862,3355,3.0,3.0
52862,5445,3.0,5.0
52892,5445,3.0,4.0
52897,6869,3.0,3.5
52906,150,3.0,3.5
52919,441,3.0,4.0
52922,457,3.0,2.5
52923,300,3.0,3.0
52924,1,3.0,3.0
52939,1461,3.0,1.5
52966,1097,3.0,3.0
52966,2858,3.0,5.0
52972,608,3.0,4.5
52989,4979,3.0,5.0
53000,2987,3.0,5.0
53009,588,3.0,3.0
53026,1080,3.0,4.0
53044,266,3.0,3.0
53057,2,3.0,4.5
53061,5971,3.0,4.5
53071,469,3.0,5.0
53080,375,3.0,4.0
53086,1261,3.0,2.0
53091,8662,3.0,3.5
53092,1958,3.0,4.0
53093,733,3.0,4.0
53094,4378,3.0,3.0
53096,3000,3.0,4.0
53123,4754,3.0,3.0
53132,2699,3.0,1.5
53137,7090,3.0,4.5
53149,25,3.0,2.0
53188,1265,3.0,2.0
53229,27878,3.0,3.0
53232,3005,3.0,4.0
53252,2572,3.0,3.0
53282,638,3.0,4.0
53296,1036,3.0,3.0
53297,47,3.0,5.0
53314,648,3.0,3.5
53314,56171,3.0,4.0
53331,2716,3.0,4.0
53356,477,3.0,3.0
53365,110,3.0,2.0
53369,543,3.0,0.5
53401,4034,3.0,4.5
53415,3146,3.0,4.0
53416,378,3.0,3.0
53425,2701,3.0,1.5
53427,3408,3.0,3.5
53447,2671,3.0,4.5
53479,58559,3.0,4.5
53508,2499,3.0,4.0
53509,2858,3.0,4.5
53545,359,3.0,1.0
53585,173,3.0,1.0
53588,778,3.0,4.0
53596,80,3.0,3.0
53602,3683,3.0,3.0
53610,4223,3.0,3.0
53630,4023,3.0,4.0
53642,163,3.0,3.5
53649,4338,3.0,5.0
53650,5266,3.0,2.5
53652,4373,3.0,0.5
53658,1193,3.0,5.0
53662,2729,3.0,4.5
53684,916,3.0,4.0
53686,6502,3.0,4.5
53719,307,3.0,5.0
53729,8385,3.0,5.0
53732,802,3.0,3.0
53742,60072,3.0,3.5
53749,5296,3.0,3.5
53775,7090,3.0,3.5
53785,235,3.0,3.0
53789,112,3.0,3.0
53808,3275,3.0,4.5
53818,292,3.0,3.0
53829,4338,3.0,5.0
53847,4776,3.0,4.0
53872,1357,3.0,4.0
53953,2572,3.0,4.0
53956,1580,3.0,4.5
53959,1845,3.0,4.0
53961,2054,3.0,3.0
53974,299,3.0,4.0
53991,2478,3.0,4.0
54006,110,3.0,3.0
54020,316,3.0,4.0
54023,2021,3.0,4.0
54072,902,3.0,4.0
54078,60,3.0,4.0
54084,7293,3.0,2.0
54087,53972,3.0,3.0
54089,1278,3.0,4.0
54089,1952,3.0,4.0
54093,3033,3.0,3.0
54179,2353,3.0,1.5
54180,198,3.0,4.0
54187,356,3.0,4.0
54187,3863,3.0,3.5
54187,62250,3.0,2.5
54196,2022,3.0,5.0
54196,2857,3.0,2.0
54230,527,3.0,4.0
54230,4002,3.0,2.0
54233,7,3.0,3.5
54253,296,3.0,4.0
54253,648,3.0,5.0
54253,1214,3.0,4.0
54253,2140,3.0,5.0
54270,300,3.0,4.0
54286,2997,3.0,5.0
54309,3986,3.0,3.0
54315,2551,3.0,4.0
54315,3988,3.0,4.0
54330,1949,3.0,4.0
54346,3269,3.0,3.0
54361,161,3.0,3.0
54362,1968,3.0,4.5
54364,6615,3.0,2.0
54369,1389,3.0,1.0
54374,3453,3.0,5.0
54399,541,3.0,3.5
54440,2278,3.0,5.0
54462,300,3.0,3.0
54467,3271,3.0,4.0
54473,333,3.0,4.0
54489,3450,3.0,4.0
54489,5388,3.0,4.0
54493,4639,3.0,3.0
54510,32,3.0,3.5
54520,2378,3.0,2.0
54545,673,3.0,2.5
54579,8880,3.0,2.0
54593,3325,3.0,3.0
54609,6377,3.0,4.0
54628,2600,3.0,4.5
54685,8638,3.0,4.5
54698,1291,3.0,4.0
54702,2501,3.0,1.0
54704,1035,3.0,5.0
54730,1673,3.0,4.0
54755,299,3.0,5.0
54760,1642,3.0,3.0
54765,2759,3.0,3.0
54767,951,3.0,5.0
54767,2100,3.0,4.5
54775,2060,3.0,1.0
54800,368,3.0,3.0
54817,30749,3.0,4.0
54864,741,3.0,4.0
54884,4372,3.0,5.0
54937,780,3.0,4.0
54954,4262,3.0,5.0
54969,265,3.0,4.0
54975,377,3.0,2.0
54982,593,3.0,4.0
55023,593,3.0,5.0
55032,805,3.0,4.0
55057,2153,3.0,2.0
55076,6711,3.0,2.5
55083,1678,3.0,3.0
55097,368,3.0,2.5
55102,7438,3.0,3.0
55127,2617,3.0,5.0
55142,1263,3.0,3.0
55174,2395,3.0,5.0
55192,551,3.0,5.0
55213,1953,3.0,4.0
55217,383,3.0,3.0
55268,308,3.0,5.0
55268,1408,3.0,3.5
55268,5481,3.0,3.5
55278,1200,3.0,4.0
55280,52,3.0,4.0
55286,539,3.0,4.0
55286,5952,3.0,4.5
55318,1954,3.0,3.0
55325,2000,3.0,3.0
55328,589,3.0,5.0
55331,4306,3.0,5.0
55335,27846,3.0,2.0
55350,1917,3.0,3.0
55356,280,3.0,5.0
55365,912,3.0,4.0
55379,2841,3.0,4.0
55384,539,3.0,5.0
55400,224,3.0,4.0
55460,41566,3.0,4.0
55464,300,3.0,3.0
55483,3911,3.0,3.0
55484,257,3.0,5.0
55521,2353,3.0,4.0
55534,1970,3.0,5.0
55559,3360,3.0,4.0
55577,2352,3.0,2.0
55644,1964,3.0,3.0
55669,778,3.0,3.0
55674,736,3.0,3.0
55683,1357,3.0,5.0
55696,3624,3.0,3.0
55716,293,3.0,2.0
55784,719,3.0,3.5
55784,3826,3.0,2.0
55802,296,3.0,4.0
55827,1246,3.0,4.5
55877,1748,3.0,1.5
55878,380,3.0,2.5
55885,2863,3.0,4.0
55889,4963,3.0,4.5
55899,7153,3.0,1.0
55906,2416,3.0,3.0
55912,1936,3.0,4.5
55915,919,3.0,4.0
55933,1012,3.0,5.0
55935,520,3.0,3.0
55973,761,3.0,3.0
55981,1517,3.0,3.5
55981,2729,3.0,5.0
55983,204,3.0,1.0
56086,1584,3.0,4.5
56089,265,3.0,4.0
56091,595,3.0,3.5
56101,1320,3.0,3.0
56113,43917,3.0,3.5
56116,2762,3.0,3.0
56130,3593,3.0,2.0
56148,1222,3.0,4.0
56154,4993,3.0,5.0
56156,18,3.0,4.0
56156,610,3.0,4.0
56173,454,3.0,4.0
56189,1376,3.0,5.0
56207,593,3.0,3.0
56209,2700,3.0,3.5
56227,1126,3.0,1.0
56232,1173,3.0,4.5
56260,4262,3.0,3.5
56311,4115,3.0,2.0
56314,158,3.0,4.0
56320,880,3.0,2.0
56341,52,3.0,4.0
56345,551,3.0,4.5
56354,6365,3.0,4.5
56362,903,3.0,3.0
56362,3249,3.0,1.0
56379,2080,3.0,4.0
56385,6377,3.0,4.5
56386,1994,3.0,3.0
56402,1204,3.0,1.0
56430,2716,3.0,4.0
56433,1234,3.0,4.0
56442,2133,3.0,4.0
56554,1198,3.0,4.0
56561,2959,3.0,4.5
56591,2355,3.0,3.0
56598,2174,3.0,3.0
56598,5903,3.0,4.0
56624,4016,3.0,1.5
56635,4776,3.0,4.0
56639,356,3.0,4.0
56642,720,3.0,3.5
56646,1215,3.0,2.0
56649,19,3.0,3.0
56662,5477,3.0,3.5
56666,62,3.0,4.0
56690,954,3.0,3.0
56696,110,3.0,5.0
56707,1089,3.0,4.0
56734,4232,3.0,1.5
56744,3756,3.0,3.0
56766,39,3.0,2.0
56768,2762,3.0,4.5
56782,6,3.0,4.0
56789,805,3.0,3.0
56803,1326,3.0,3.0
56902,300,3.0,5.0
56913,42004,3.0,5.0
56926,1620,3.0,3.0
56977,1304,3.0,4.0
56990,7143,3.0,4.0
57009,2598,3.0,4.0
57010,6863,3.0,4.0
57018,3147,3.0,4.0
57031,589,3.0,4.0
57036,5378,3.0,4.5
57061,4832,3.0,1.5
57065,54934,3.0,3.5
57106,110,3.0,5.0
57126,261,3.0,4.0
57131,588,3.0,5.0
57155,1299,3.0,5.0
57162,2565,3.0,4.0
57194,2409,3.0,1.0
57230,165,3.0,3.0
57242,249,3.0,4.0
57244,1253,3.0,3.0
57244,5630,3.0,4.0
57251,45728,3.0,3.0
57257,364,3.0,2.0
57257,480,3.0,3.0
57266,1938,3.0,4.0
57276,303,3.0,2.0
57306,1258,3.0,4.0
57306,2081,3.0,5.0
57339,46530,3.0,2.5
57413,2997,3.0,5.0
57459,2947,3.0,5.0
57460,1617,3.0,4.0
57463,1407,3.0,4.0
57479,923,3.0,4.0
57481,1974,3.0,2.0
57499,595,3.0,3.0
57500,2005,3.0,3.0
57503,2294,3.0,4.0
57504,3594,3.0,2.0
57507,4052,3.0,1.0
57526,2427,3.0,2.5
57535,33836,3.0,3.5
57540,292,3.0,3.0
57558,1059,3.0,3.5
57558,3083,3.0,4.0
57572,2920,3.0,4.0
57601,2411,3.0,2.0
57612,2710,3.0,2.5
57640,110,3.0,3.5
57645,1258,3.0,3.0
57660,3702,3.0,3.0
57664,2611,3.0,4.0
57664,3873,3.0,4.0
57677,1148,3.0,5.0
57687,3253,3.0,5.0
57692,1073,3.0,4.0
57692,2370,3.0,4.0
57696,6100,3.0,4.0
57734,1111,3.0,4.0
57808,2378,3.0,4.0
57839,936,3.0,5.0
57854,720,3.0,4.0
57899,3156,3.0,4.0
57901,688,3.0,3.0
57908,2617,3.0,3.0
57910,637,3.0,3.0
57925,2353,3.0,3.0
57978,2115,3.0,5.0
58008,1717,3.0,3.5
58010,371,3.0,5.0
58020,2997,3.0,5.0
58041,2338,3.0,3.5
58047,3489,3.0,4.0
58048,293,3.0,3.0
58049,3701,3.0,2.5
58049,4014,3.0,4.0
58050,538,3.0,3.0
58050,2359,3.0,2.0
58087,3258,3.0,3.0
58087,7143,3.0,4.0
58094,919,3.0,3.0
58096,50872,3.0,3.5
58115,293,3.0,3.0
58115,300,3.0,4.0
58122,2183,3.0,4.0
58144,1683,3.0,4.0
58145,1921,3.0,1.0
58162,955,3.0,3.0
58163,2745,3.0,5.0
58174,1682,3.0,4.5
58176,7139,3.0,4.5
58180,356,3.0,5.0
58196,2324,3.0,4.5
58253,1639,3.0,4.0
58272,1132,3.0,4.0
58276,8533,3.0,4.0
58302,1093,3.0,2.5
58307,185,3.0,3.0
58313,2942,3.0,2.0
58317,1269,3.0,4.0
58353,153,3.0,2.0
58357,8464,3.0,3.5
58387,280,3.0,4.0
58400,473,3.0,2.0
58413,126,3.0,3.0
58437,2836,3.0,2.0
58451,3559,3.0,4.0
58510,32,3.0,4.5
58513,4969,3.0,4.0
58516,595,3.0,3.0
58534,1347,3.0,5.0
58544,1556,3.0,1.0
58558,1587,3.0,4.0
58576,2392,3.0,5.0
58576,4720,3.0,1.0
58620,589,3.0,4.0
58624,2997,3.0,4.0
58636,1291,3.0,4.0
58636,2053,3.0,2.0
58645,597,3.0,3.0
58646,1291,3.0,4.0
58657,8861,3.0,3.5
58662,1608,3.0,4.0
58692,562,3.0,4.0
58707,1259,3.0,4.0
58712,2396,3.0,3.0
58712,2949,3.0,4.0
58716,3081,3.0,2.5
58727,150,3.0,3.0
58734,593,3.0,4.0
58762,4034,3.0,5.0
58796,110,3.0,4.0
58822,4896,3.0,4.0
58850,2694,3.0,1.0
58909,163,3.0,3.0
58927,1597,3.0,3.0
58928,5445,3.0,3.5
58940,300,3.0,5.0
58953,50,3.0,4.0
58953,1617,3.0,3.0
58962,1631,3.0,4.0
58965,327,3.0,2.0
59019,4878,3.0,4.0
59026,4356,3.0,4.0
59062,8961,3.0,3.5
59062,34072,3.0,4.5
59068,153,3.0,4.0
59086,1104,3.0,4.0
59099,1394,3.0,5.0
59111,494,3.0,4.0
59150,5016,3.0,3.5
59153,904,3.0,5.0
59181,2384,3.0,1.0
59186,6218,3.0,5.0
59223,4993,3.0,4.0
59254,428,3.0,3.0
59259,110,3.0,3.0
59259,223,3.0,3.0
59269,1523,3.0,3.5
59269,2663,3.0,3.0
59269,3447,3.0,4.0
59269,3833,3.0,2.0
59269,5272,3.0,4.0
59269,7053,3.0,3.5
59269,44587,3.0,3.5
59269,55247,3.0,3.5
59269,55451,3.0,4.0
59271,1073,3.0,1.0
59306,1240,3.0,3.5
59309,1287,3.0,4.0
59312,1794,3.0,2.0
59316,1748,3.0,1.0
59320,364,3.0,4.5
59327,4002,3.0,3.5
59335,1721,3.0,4.0
59341,39,3.0,3.0
59354,1196,3.0,4.0
59355,589,3.0,5.0
59365,2355,3.0,3.0
59366,1950,3.0,4.0
59381,260,3.0,4.0
59381,5538,3.0,3.0
59391,2268,3.0,4.0
59392,2772,3.0,4.0
59436,41,3.0,4.0
59445,2617,3.0,2.0
59464,590,3.0,4.0
59468,5450,3.0,4.0
59477,628,3.0,3.5
59499,58105,3.0,2.0
59506,23,3.0,4.0
59523,1090,3.0,4.0
59525,7137,3.0,2.5
59546,3225,3.0,1.5
59546,3897,3.0,3.0
59546,6536,3.0,2.0
59577,908,3.0,4.5
59580,586,3.0,4.0
59580,1213,3.0,5.0
59598,2291,3.0,4.5
59598,7360,3.0,4.0
59604,5833,3.0,4.5
59622,481,3.0,3.0
59624,648,3.0,3.5
59655,1889,3.0,5.0
59659,515,3.0,4.0
59667,2460,3.0,1.0
59669,3826,3.0,4.0
59670,589,3.0,3.5
59677,1918,3.0,3.0
59690,2565,3.0,3.0
59727,376,3.0,2.0
59727,420,3.0,3.0
59729,597,3.0,3.0
59747,515,3.0,5.0
59752,1222,3.0,4.5
59766,745,3.0,4.5
59766,1917,0.5,0.5
59766,2424,3.0,2.5
59766,2881,3.0,2.5
59766,3089,3.0,4.5
59779,4896,3.0,3.5
59794,1147,3.0,4.0
59818,292,3.0,2.5
59845,2712,3.0,2.0
59850,965,3.0,2.0
59865,1527,3.0,3.0
59866,235,3.0,3.0
59873,2004,3.0,4.0
59873,2153,3.0,1.0
59873,3556,3.0,4.0
59873,4023,3.0,3.0
59895,1267,3.0,5.0
59934,1584,3.0,2.5
59934,3869,3.0,4.0
59942,132,3.0,3.5
59950,1221,3.0,4.0
59966,2628,3.0,3.0
59976,3536,3.0,2.0
59987,1394,3.0,5.0
59996,1973,3.0,1.0
60021,47830,3.0,3.0
60054,2683,3.0,5.0
60062,7361,3.0,5.0
60092,1396,3.0,5.0
60101,2138,3.0,5.0
60109,2018,3.0,4.0
60111,3863,3.0,4.0
60131,2105,3.0,3.0
60165,5324,3.0,1.5
60170,4558,3.0,2.0
60174,613,3.0,3.0
60184,317,3.0,3.0
60203,8360,3.0,2.0
60225,355,3.0,2.0
60236,480,3.0,3.0
60244,293,3.0,2.0
60275,3948,3.0,3.0
60305,2089,3.0,4.0
60307,1093,3.0,3.5
60333,7217,3.0,3.0
60347,1729,3.0,3.5
60354,858,3.0,5.0
60362,1527,3.0,5.0
60365,1396,3.0,3.5
60365,1920,3.0,4.0
60419,329,3.0,5.0
60481,7,3.0,4.5
60491,3952,3.0,1.0
60496,316,3.0,5.0
60573,780,3.0,5.0
60575,3114,3.0,4.0
60587,7143,3.0,2.5
60599,1370,3.0,5.0
60601,223,3.0,5.0
60611,51255,3.0,4.0
60637,5299,3.0,3.0
60663,1955,3.0,4.0
60685,163,3.0,4.0
60708,1183,3.0,3.0
60752,2761,3.0,5.0
60771,2000,3.0,4.0
60771,4025,3.0,3.5
60771,4638,3.0,0.5
60785,1653,3.0,4.0
60794,1663,3.0,4.0
60806,3448,3.0,4.0
60845,3733,3.0,5.0
60847,1682,3.0,5.0
60848,223,3.0,1.0
60859,1517,3.0,3.0
60883,1367,3.0,2.0
60887,5060,3.0,5.0
60900,62,3.0,4.0
60955,6016,3.0,4.5
60984,296,3.0,5.0
60990,608,3.0,4.5
60996,2616,3.0,3.0
60999,541,3.0,4.5
61002,3793,3.0,2.0
61020,44613,3.0,5.0
61030,150,3.0,4.5
61031,185,3.0,3.0
61040,356,3.0,3.0
61042,1089,3.0,4.0
61042,4033,3.0,5.0
61057,5388,3.0,2.0
61095,457,3.0,4.0
61100,551,3.0,5.0
61108,7438,3.0,4.5
61123,173,3.0,1.0
61132,1202,3.0,4.0
61138,3481,3.0,4.5
61142,969,3.0,5.0
61180,1218,3.0,4.0
61229,2076,3.0,4.0
61233,4158,3.0,2.0
61265,62,3.0,4.0
61275,1732,3.0,3.0
61294,260,3.0,1.0
61323,1923,3.0,3.5
61332,1049,3.0,4.0
61333,1722,3.0,4.0
61334,3447,3.0,4.0
61351,1270,3.0,5.0
61352,4963,3.0,3.0
61356,1258,3.0,4.0
61356,2149,3.0,2.0
61358,1573,3.0,3.0
61383,1587,3.0,2.0
61391,39,3.0,3.0
61406,5502,3.0,3.0
61406,6063,3.0,4.0
61413,720,3.0,5.0
61429,1580,3.0,4.0
61460,3359,3.0,4.0
61468,596,3.0,5.0
61484,1960,3.0,5.0
61514,2908,3.0,4.0
61514,4776,3.0,3.0
61539,1032,3.0,4.0
61611,8641,3.0,3.0
61616,671,3.0,4.0
61632,616,3.0,4.0
61632,8947,3.0,3.5
61637,9,3.0,3.0
61664,1200,3.0,5.0
61691,36539,3.0,3.5
61721,43376,3.0,4.0
61742,3730,3.0,5.0
61767,1061,3.0,4.0
61791,165,3.0,3.0
61802,3256,3.0,4.0
61805,3671,3.0,3.0
61813,590,3.0,4.5
61822,1704,3.0,5.0
61834,1185,3.0,4.0
61837,3425,3.0,4.0
61841,4321,3.0,2.0
61846,898,3.0,5.0
61852,1777,3.0,4.0
61869,1721,3.0,2.0
61869,6016,3.0,4.0
61880,31114,3.0,3.5
61882,1408,3.0,3.5
61915,2701,3.0,1.0
61946,1210,3.0,4.5
61976,10,3.0,4.0
61981,36,3.0,4.0
62006,3101,3.0,4.0
62033,253,3.0,4.5
62039,2762,3.0,4.0
62049,1282,3.0,4.0
62087,1095,3.0,4.0
62095,7034,3.0,5.0
62098,348,3.0,5.0
62098,1257,3.0,3.0
62104,1225,3.0,4.0
62110,2060,3.0,5.0
62130,63,3.0,5.0
62146,4516,3.0,1.0
62152,1721,3.0,3.0
62163,296,3.0,5.0
62172,4011,3.0,4.0
62191,4642,3.0,5.0
62221,153,3.0,3.0
62224,32019,3.0,2.0
62238,694,3.0,2.0
62240,329,3.0,4.0
62245,39,3.0,4.0
62245,6807,3.0,4.5
62247,2987,3.0,3.0
62249,8966,3.0,3.5
62268,1222,3.0,4.0
62268,7438,3.0,4.5
62270,1414,3.0,3.0
62281,7039,3.0,4.5
62300,8874,3.0,4.0
62308,173,3.0,1.0
62314,904,3.0,4.0
62315,482,3.0,5.0
62336,296,3.0,5.0
62342,3006,3.0,3.0
62363,3252,3.0,4.0
62375,1036,3.0,5.0
62378,1171,3.0,5.0
62382,2987,3.0,4.0
62403,269,3.0,3.0
62413,784,3.0,4.0
62445,1719,3.0,4.0
62450,1845,3.0,3.0
62451,534,3.0,4.0
62456,5792,3.0,5.0
62485,509,3.0,4.0
62488,235,3.0,3.0
62496,480,3.0,3.0
62497,3723,3.0,2.0
62501,1895,3.0,3.5
62511,480,3.0,3.0
62565,2858,3.0,3.0
62576,370,3.0,3.0
62578,3969,3.0,5.0
62605,5049,3.0,3.0
62615,1042,3.0,3.0
62624,1676,3.0,4.0
62624,3168,3.0,4.0
62638,1682,3.0,5.0
62647,7143,3.0,3.5
62734,8426,3.0,4.0
62749,1307,3.0,4.0
62756,780,3.0,5.0
62758,2150,3.0,5.0
62772,942,3.0,4.5
62779,2961,3.0,1.0
62783,5556,3.0,2.0
62785,741,3.0,4.0
62814,2297,3.0,4.0
62831,342,3.0,4.0
62850,5548,3.0,4.0
62856,339,3.0,3.0
62860,1674,3.0,4.5
62901,193,3.0,1.0
62919,1293,3.0,4.0
62919,2788,3.0,4.5
62920,3035,3.0,3.0
62947,4011,3.0,3.5
62961,2987,3.0,4.0
63020,1676,3.0,1.0
63037,589,3.0,4.0
63060,5952,3.0,3.5
63075,833,3.0,2.0
63086,45728,3.0,3.0
63092,1711,3.0,4.0
63105,5985,3.0,4.0
63144,1207,3.0,4.0
63147,2144,3.0,4.0
63163,367,3.0,3.0
63198,3263,3.0,3.0
63201,349,3.0,3.0
63206,1885,3.0,3.0
63206,2791,3.0,5.0
63209,2968,3.0,2.0
63211,909,3.0,3.0
63233,4105,3.0,3.0
63243,1682,3.0,4.0
63264,1234,3.0,5.0
63272,2858,3.0,1.0
63292,2054,3.0,2.5
63372,648,3.0,5.0
63380,318,3.0,5.0
63391,3917,3.0,4.0
63399,4343,3.0,3.0
63444,2657,3.0,1.5
63458,4069,3.0,1.5
63476,1682,3.0,5.0
63501,368,3.0,3.0
63523,2951,3.0,5.0
63541,2594,3.0,4.0
63551,1788,3.0,4.0
63555,454,3.0,3.0
63558,1127,3.0,5.0
63591,1667,3.0,3.0
63612,2150,3.0,3.0
63612,7720,3.0,3.0
63613,2000,3.0,4.0
63614,2858,3.0,3.0
63627,6636,3.0,4.0
63634,364,3.0,4.0
63636,1028,3.0,3.0
63645,2528,3.0,4.0
63665,345,3.0,3.5
63672,786,3.0,3.0
63715,2948,3.0,4.0
63721,5293,3.0,4.0
63729,33679,3.0,5.0
63769,2067,3.0,4.5
63790,3114,3.0,4.5
63798,914,3.0,3.0
63824,2268,3.0,2.0
63838,1220,3.0,2.0
63858,1097,3.0,5.0
63869,858,3.0,5.0
63905,2947,3.0,5.0
63905,46723,3.0,3.0
63922,1304,3.0,5.0
63947,1285,3.0,4.5
63949,3868,3.0,5.0
63973,762,3.0,3.0
64007,6376,3.0,4.0
64012,17,3.0,4.0
64043,2144,3.0,3.5
64071,1888,3.0,5.0
64088,3861,3.0,3.0
64113,253,3.0,4.5
64133,1370,3.0,5.0
64236,277,3.0,3.0
64244,551,3.0,4.0
64289,39,3.0,4.0
64310,377,3.0,5.0
64317,1342,3.0,2.0
64317,3249,3.0,2.0
64318,1298,3.0,4.0
64334,1573,3.0,3.0
64334,3441,3.0,2.5
64341,1641,3.0,5.0
64358,1441,3.0,3.5
64379,7438,3.0,5.0
64391,1968,3.0,4.0
64399,3267,3.0,3.5
64411,4067,3.0,2.5
64423,5151,3.0,2.0
64442,1673,3.0,3.0
64446,784,3.0,3.0
64472,6218,3.0,4.5
64510,95,3.0,3.0
64515,32,3.0,4.5
64535,174,3.0,2.0
64570,2924,3.0,4.0
64582,288,3.0,3.5
64609,4040,3.0,3.0
64613,4963,3.0,4.5
64621,424,3.0,3.0
64631,5181,3.0,2.5
64642,2058,3.0,3.5
64649,4654,3.0,3.5
64651,477,3.0,3.0
64724,8784,3.0,2.5
64728,2762,3.0,4.0
64761,1544,3.0,3.0
64776,7325,3.0,2.0
64776,34048,3.0,4.0
64777,3435,3.0,3.0
64779,5630,3.0,2.0
64779,6874,3.0,3.0
64800,780,3.0,3.0
64804,589,3.0,4.0
64857,471,3.0,3.0
64858,48,3.0,2.5
64874,6539,3.0,4.0
64878,1682,3.0,3.0
64912,1784,3.0,4.0
64915,2947,3.0,3.0
64915,2991,3.0,2.5
64944,2455,3.0,3.5
64992,2731,3.0,4.0
65040,1280,3.0,4.0
65062,281,3.0,2.0
65080,1617,3.0,4.0
65081,1777,3.0,4.0
65081,7293,3.0,3.5
65096,1391,3.0,2.0
65102,1307,3.0,2.5
65113,292,3.0,3.0
65120,553,3.0,5.0
65123,6448,3.0,4.0
65132,454,3.0,3.0
65135,8376,3.0,4.0
65145,926,3.0,4.0
65176,802,3.0,4.0
65197,5108,3.0,3.5
65198,2903,3.0,2.0
65213,1554,3.0,4.0
65215,994,3.0,5.0
65269,62,3.0,4.0
65271,786,3.0,4.0
65291,2699,3.0,3.0
65293,6281,3.0,4.5
65307,4235,3.0,3.5
65308,7757,3.0,4.0
65309,2153,3.0,1.0
65336,2694,3.0,2.0
65355,296,3.0,5.0
65407,3309,3.0,4.0
65407,5279,3.0,4.0
65415,553,3.0,4.0
65436,3548,3.0,5.0
65438,1196,3.0,4.0
65440,1962,3.0,5.0
65441,1259,3.0,3.0
65454,56156,3.0,3.0
65468,3555,3.0,0.5
65483,597,3.0,4.0
65485,161,3.0,3.0
65506,923,3.0,2.0
65524,353,3.0,4.0
65534,2797,2.0,3.5
65546,5459,3.0,4.0
65549,4423,3.0,4.0
65564,344,3.0,4.0
65572,3365,3.0,5.0
65578,44191,3.0,4.5
65624,474,3.0,3.0
65628,934,3.0,4.0
65630,333,3.0,3.0
65666,31255,3.0,3.0
65692,4787,3.0,4.0
65693,595,3.0,5.0
65707,344,3.0,0.5
65725,2333,3.0,4.5
65732,902,3.0,5.0
65736,1247,3.0,5.0
65769,3535,3.0,3.0
65781,2987,3.0,5.0
65815,3526,3.0,5.0
65838,4963,3.0,3.5
65852,1292,3.0,4.0
65861,52,3.0,5.0
65894,1965,3.0,3.0
65901,1777,3.0,3.0
65906,5548,3.0,2.5
65937,529,3.0,5.0
65942,1275,3.0,2.0
65950,481,3.0,3.0
65959,4022,3.0,3.5
65990,19,3.0,3.5
65990,2804,3.0,4.5
65991,1968,3.0,5.0
66055,5171,3.0,5.0
66145,1,3.0,4.0
66150,2248,3.0,4.5
66165,193,3.0,1.0
66183,1946,3.0,4.0
66183,5812,3.0,3.0
66188,3504,3.0,4.0
66203,1198,3.0,5.0
66220,3516,3.0,3.0
66220,5008,3.0,4.0
66227,51540,3.0,2.5
66249,391,3.0,3.0
66275,253,3.0,4.0
66276,1288,3.0,5.0
66282,1914,3.0,4.0
66305,4673,3.0,2.5
66315,173,3.0,1.5
66325,1307,3.0,1.5
66384,3113,3.0,1.5
66392,1153,3.0,4.0
66402,2346,3.0,3.0
66410,1573,3.0,2.0
66418,2186,3.0,5.0
66426,4327,3.0,4.0
66429,52,3.0,3.0
66430,160,3.0,3.0
66440,170,3.0,3.0
66449,1719,3.0,5.0
66462,2473,3.0,3.0
66464,4446,3.0,1.0
66483,786,3.0,2.0
66498,3160,3.0,3.0
66519,53972,3.0,4.0
66529,153,3.0,3.0
66545,377,3.0,3.5
66549,3384,3.0,3.0
66575,153,3.0,5.0
66610,541,3.0,5.0
66621,2763,3.0,4.0
66621,7254,3.0,4.0
66628,4757,3.0,3.0
66669,1353,3.0,3.5
66669,4308,3.0,3.0
66704,3359,3.0,4.0
66707,355,3.0,2.0
66712,913,3.0,5.0
66759,1370,3.0,2.0
66765,1370,3.0,1.0
66778,57520,3.0,1.5
66788,805,3.0,5.0
66795,4867,3.0,2.5
66810,588,3.0,3.0
66814,45186,3.0,3.0
66820,3219,3.0,4.0
66828,1956,3.0,5.0
66832,593,3.0,4.0
66854,912,3.0,4.0
66857,1240,3.0,4.0
66865,1343,3.0,4.0
66874,32596,3.0,2.0
66875,585,3.0,4.0
66886,10,3.0,3.0
66959,2791,3.0,4.0
66969,2194,3.0,5.0
66989,1032,3.0,5.0
66996,1960,3.0,3.5
66998,1214,3.0,3.0
67005,550,3.0,3.0
67021,5110,3.0,4.0
67026,1092,3.0,4.0
67026,3526,3.0,4.0
67031,45499,3.0,3.0
67055,918,3.0,4.0
67059,1047,3.0,3.5
67093,1372,3.0,4.0
67110,2065,3.0,2.5
67128,1488,3.0,2.0
67162,6874,3.0,5.0
67178,1587,3.0,3.5
67197,1293,3.0,5.0
67199,4022,3.0,4.0
67199,34072,3.0,4.5
67201,1095,3.0,2.0
67217,8207,3.0,3.0
67231,4370,3.0,3.5
67241,356,3.0,4.0
67254,540,3.0,3.0
67254,551,3.0,3.0
67262,480,3.0,4.0
67264,281,3.0,5.0
67292,4369,3.0,2.0
67359,2012,3.0,3.5
67369,1197,3.0,4.0
67385,224,3.0,3.0
67385,632,3.0,3.5
67385,964,3.0,3.0
67385,5945,3.0,4.0
67385,7008,3.0,5.0
67385,8947,3.0,3.0
67385,43708,3.0,4.0
67386,2428,3.0,2.5
67386,7360,3.0,3.0
67410,6365,3.0,3.5
67427,4899,3.0,3.0
67455,1721,3.0,3.0
67456,2158,3.0,1.0
67492,480,3.0,3.0
67493,329,3.0,2.0
67513,2363,3.0,3.5
67542,1249,3.0,4.5
67542,3148,3.0,4.5
67594,296,3.0,5.0
67598,1396,3.0,3.0
67611,736,3.0,4.0
67634,6990,3.0,3.5
67639,5388,3.0,4.0
67660,2985,3.0,5.0
67743,1610,3.0,3.0
67776,1288,3.0,2.0
67781,3551,3.0,4.0
67828,552,3.0,2.0
67842,203,3.0,5.0
67877,39,3.0,2.0
67878,4844,3.0,3.0
67891,2700,3.0,5.0
67920,2003,3.0,1.0
67973,1200,3.0,4.0
67979,112,3.0,5.0
67986,1732,3.0,5.0
68008,2028,3.0,5.0
68032,4308,3.0,2.5
68038,6377,3.0,4.0
68056,4973,3.0,4.0
68081,1231,3.0,4.0
68089,1230,3.0,4.0
68119,1407,3.0,4.0
68127,769,3.0,4.0
68141,1721,3.0,5.0
68167,1340,3.0,1.0
68205,1321,3.0,4.0
68220,4184,3.0,4.0
68221,1584,3.0,5.0
68222,1372,3.0,3.0
68222,2125,3.0,4.0
68259,3405,3.0,4.0
68259,4784,3.0,5.0
68264,2858,3.0,4.0
68273,1552,3.0,3.5
68305,3676,3.0,3.0
68329,1288,3.0,4.0
68349,597,3.0,3.5
68377,6,3.0,2.0
68377,5378,3.0,3.0
68382,288,3.0,1.0
68384,1949,3.0,5.0
68388,4326,3.0,4.0
68399,7366,3.0,2.0
68401,539,3.0,4.0
68419,1500,3.0,3.5
68426,1060,3.0,3.0
68426,1918,3.0,1.0
68426,3598,3.0,3.0
68429,4993,3.0,4.0
68438,33794,3.0,4.0
68439,216,3.0,4.0
68459,508,3.0,4.0
68459,3252,3.0,4.0
68474,7143,3.0,4.5
68479,1917,3.0,3.5
68479,3999,3.0,0.5
68507,442,3.0,1.5
68509,494,3.0,3.0
68525,300,3.0,5.0
68534,509,3.0,4.0
68541,4105,3.0,5.0
68555,19,3.0,1.0
68595,780,3.0,4.0
68656,1354,3.0,3.0
68679,1704,3.0,3.0
68681,1221,3.0,5.0
68683,2528,3.0,3.5
68699,5388,3.0,4.0
68701,308,3.0,4.0
68720,3996,3.0,3.0
68725,8984,3.0,3.5
68743,1909,3.0,4.0
68775,2105,3.0,1.0
68782,434,3.0,2.0
68802,1007,3.0,3.0
68809,34,3.0,4.0
68850,2054,3.0,4.0
68853,708,3.0,5.0
68876,60,3.0,4.0
68915,2872,3.0,3.0
68933,2371,3.0,3.5
68935,4973,3.0,4.5
68939,4027,3.0,4.0
68952,8985,3.0,5.0
68992,1265,3.0,5.0
69002,48997,3.0,5.0
69004,2798,3.0,3.0
69025,1408,3.0,3.0
69051,4973,3.0,4.5
69055,5340,3.0,5.0
69073,5142,3.0,3.0
69076,1278,3.0,4.0
69086,1136,3.0,4.0
69091,1641,3.0,4.0
69130,1250,3.0,4.0
69151,2145,3.0,2.0
69151,2194,3.0,4.0
69153,2301,3.0,4.5
69188,1221,3.0,5.0
69190,440,3.0,5.0
69196,2858,3.0,5.0
69213,1092,3.0,3.0
69220,2918,3.0,4.0
69227,1265,3.0,4.0
69229,231,3.0,4.0
69256,1722,3.0,3.0
69266,3646,3.0,3.0
69283,4994,3.0,3.0
69284,1173,3.0,3.5
69293,3448,3.0,3.0
69297,2918,3.0,4.0
69308,589,3.0,4.5
69311,2924,3.0,4.0
69340,1376,3.0,4.0
69354,2053,3.0,3.0
69362,225,3.0,3.0
69384,1381,3.0,0.5
69385,1037,3.0,3.0
69401,2572,3.0,3.0
69439,2769,3.0,2.0
69456,356,3.0,4.0
69457,316,3.0,3.0
69505,1968,3.0,4.0
69516,4007,3.0,5.0
69518,589,3.0,4.0
69531,246,3.0,5.0
69534,1475,3.0,2.0
69542,500,3.0,4.0
69550,6887,3.0,3.5
69551,1101,3.0,3.0
69565,58,3.0,5.0
69576,1556,3.0,2.5
69583,349,3.0,5.0
69594,150,3.0,5.0
69634,4006,3.0,2.0
69638,105,3.0,4.0
69640,5291,3.0,5.0
69649,1499,3.0,1.0
69658,736,3.0,2.0
69714,30793,3.0,5.0
69716,46976,3.0,4.5
69790,1179,3.0,5.0
69791,905,3.0,5.0
69805,7147,3.0,2.5
69819,110,3.0,5.0
69839,2115,3.0,3.0
69852,79,3.0,3.0
69857,2454,2.5,2.5
69869,1293,3.0,3.0
69888,4822,3.0,2.0
69896,3247,3.0,3.0
69908,342,3.0,4.0
69916,4306,3.0,4.0
69917,2762,3.0,4.0
69923,4361,3.0,5.0
69942,809,3.0,3.0
69944,4015,3.0,3.0
69947,596,3.0,3.0
69948,95,3.0,4.0
69993,2302,3.0,4.0
70007,1033,3.0,4.0
70016,1240,3.0,4.0
70016,3476,3.0,4.0
70019,293,3.0,3.0
70034,3959,3.0,4.0
70061,1127,3.0,3.0
70061,1918,3.0,3.0
70068,3785,3.0,2.0
70100,5010,3.0,3.5
70116,6582,3.0,4.0
70118,5995,3.0,5.0
70142,1270,3.0,3.0
70177,3006,3.0,3.0
70188,53000,3.0,3.0
70212,27846,3.0,3.5
70215,1247,3.0,3.0
70220,2710,3.0,4.0
70224,619,3.0,3.0
70227,36,3.0,4.0
70277,52975,3.0,4.0
70304,1344,3.0,4.0
70306,1747,3.0,3.0
70314,1266,3.0,5.0
70358,2021,3.0,4.0
70406,454,3.0,5.0
70480,380,3.0,3.5
70485,48774,3.0,3.0
70487,595,3.0,1.0
70489,610,3.0,4.0
70489,3668,3.0,4.5
70492,47,3.0,4.0
70505,549,3.0,4.0
70564,72,3.0,4.0
70607,1673,3.0,3.0
70613,49824,3.0,2.5
70649,595,3.0,5.0
70656,1193,3.0,3.0
70715,2028,3.0,4.0
70752,260,3.0,4.0
70773,1304,3.0,3.5
70786,680,3.0,3.5
70789,8376,3.0,3.0
70812,904,3.0,5.0
70841,1968,3.0,5.0
70847,208,3.0,5.0
70849,2959,3.0,5.0
70868,4701,3.0,2.0
70883,2011,3.0,4.0
70887,165,3.0,3.0
70903,2986,3.0,2.0
70905,7155,3.0,2.0
70949,1210,3.0,5.0
70955,1587,3.0,4.0
70967,4623,3.0,4.0
70984,541,3.0,5.0
71013,2087,3.0,5.0
71013,2710,3.0,3.0
71024,6874,3.0,4.5
71046,480,3.0,2.5
71048,2761,3.0,3.0
71082,19,3.0,2.0
71108,7445,3.0,3.5
71117,318,3.0,4.0
71146,6378,3.0,0.5
71149,4041,3.0,2.5
71151,21,3.0,4.0
71163,1836,3.0,3.0
71167,5377,3.0,5.0
71206,2699,3.0,2.0
71206,4262,3.0,4.0
71217,8376,3.0,1.0
71263,2406,3.0,3.0
71330,6968,3.0,4.0
71335,173,3.0,2.0
71347,1257,3.0,4.5
71348,2328,3.0,3.0
71368,1258,3.0,4.0
71384,2232,3.0,4.5
71400,1466,3.0,4.0
71400,6565,3.0,4.0
71408,784,3.0,1.0
71439,2291,3.0,5.0
71447,410,3.0,4.0
71461,923,3.0,5.0
71468,2411,3.0,1.0
71490,335,3.0,4.0
71509,2132,3.0,4.5
71519,587,3.0,2.0
71529,50,3.0,4.0
71553,637,3.0,2.0
